pais,anio,valor,indicador,nombre,grupo
ARG,1970,19.552396717757436,Empleo manufacturero,Argentina,América Latina
ARG,1971,19.699586214318607,Empleo manufacturero,Argentina,América Latina
ARG,1972,19.975543289172787,Empleo manufacturero,Argentina,América Latina
ARG,1973,20.179009306182316,Empleo manufacturero,Argentina,América Latina
ARG,1974,20.57033720335974,Empleo manufacturero,Argentina,América Latina
ARG,1975,20.918212964879675,Empleo manufacturero,Argentina,América Latina
ARG,1976,20.81225036708287,Empleo manufacturero,Argentina,América Latina
ARG,1977,20.42388640749291,Empleo manufacturero,Argentina,América Latina
ARG,1978,20.08145563680811,Empleo manufacturero,Argentina,América Latina
ARG,1979,19.74584914940574,Empleo manufacturero,Argentina,América Latina
ARG,1980,19.32150035099302,Empleo manufacturero,Argentina,América Latina
ARG,1981,18.552859200121876,Empleo manufacturero,Argentina,América Latina
ARG,1982,18.26840209124465,Empleo manufacturero,Argentina,América Latina
ARG,1983,18.36815290728416,Empleo manufacturero,Argentina,América Latina
ARG,1984,18.495783424967993,Empleo manufacturero,Argentina,América Latina
ARG,1985,18.29835883809157,Empleo manufacturero,Argentina,América Latina
ARG,1986,17.543323157507015,Empleo manufacturero,Argentina,América Latina
ARG,1987,17.639115309833283,Empleo manufacturero,Argentina,América Latina
ARG,1988,17.319441908035703,Empleo manufacturero,Argentina,América Latina
ARG,1989,17.122879558931448,Empleo manufacturero,Argentina,América Latina
ARG,1990,19.46724646038721,Empleo manufacturero,Argentina,América Latina
ARG,1991,17.13639993820213,Empleo manufacturero,Argentina,América Latina
ARG,1992,16.999509685311267,Empleo manufacturero,Argentina,América Latina
ARG,1993,15.75463092692793,Empleo manufacturero,Argentina,América Latina
ARG,1994,15.318476192303203,Empleo manufacturero,Argentina,América Latina
ARG,1995,14.434266529632437,Empleo manufacturero,Argentina,América Latina
ARG,1996,14.41082285419244,Empleo manufacturero,Argentina,América Latina
ARG,1997,14.399097120996675,Empleo manufacturero,Argentina,América Latina
ARG,1998,13.994639210009051,Empleo manufacturero,Argentina,América Latina
ARG,1999,13.280917213061706,Empleo manufacturero,Argentina,América Latina
ARG,2000,12.993046960863932,Empleo manufacturero,Argentina,América Latina
ARG,2001,12.872876835180122,Empleo manufacturero,Argentina,América Latina
ARG,2002,12.970382495721633,Empleo manufacturero,Argentina,América Latina
ARG,2003,13.592099425893014,Empleo manufacturero,Argentina,América Latina
ARG,2004,13.512691949855949,Empleo manufacturero,Argentina,América Latina
ARG,2005,13.34575150832821,Empleo manufacturero,Argentina,América Latina
ARG,2006,12.910747056565002,Empleo manufacturero,Argentina,América Latina
ARG,2007,12.770694378918025,Empleo manufacturero,Argentina,América Latina
ARG,2008,13.743719157446206,Empleo manufacturero,Argentina,América Latina
ARG,2009,12.965289445827826,Empleo manufacturero,Argentina,América Latina
ARG,2010,12.935487080359282,Empleo manufacturero,Argentina,América Latina
ARG,2011,12.856394493808622,Empleo manufacturero,Argentina,América Latina
ARG,2012,12.761900757371366,Empleo manufacturero,Argentina,América Latina
ARG,2013,12.711317288708765,Empleo manufacturero,Argentina,América Latina
ARG,2014,12.316331058055217,Empleo manufacturero,Argentina,América Latina
ARG,2015,12.14551277243402,Empleo manufacturero,Argentina,América Latina
ARG,2016,11.659753775334678,Empleo manufacturero,Argentina,América Latina
ARG,2017,11.497116138942701,Empleo manufacturero,Argentina,América Latina
ARG,2018,11.226077945024366,Empleo manufacturero,Argentina,América Latina
ARG,2019,10.514244603115529,Empleo manufacturero,Argentina,América Latina
BRA,1970,11.231599908329336,Empleo manufacturero,Brasil,América Latina
BRA,1971,10.670193920675963,Empleo manufacturero,Brasil,América Latina
BRA,1972,10.160671002714103,Empleo manufacturero,Brasil,América Latina
BRA,1973,10.631668703643514,Empleo manufacturero,Brasil,América Latina
BRA,1974,10.918054956005507,Empleo manufacturero,Brasil,América Latina
BRA,1975,11.194093238170879,Empleo manufacturero,Brasil,América Latina
BRA,1976,11.458152399192418,Empleo manufacturero,Brasil,América Latina
BRA,1977,11.687308324688491,Empleo manufacturero,Brasil,América Latina
BRA,1978,11.306587891665133,Empleo manufacturero,Brasil,América Latina
BRA,1979,11.769314009937,Empleo manufacturero,Brasil,América Latina
BRA,1980,10.692920576522448,Empleo manufacturero,Brasil,América Latina
BRA,1981,11.84228310038168,Empleo manufacturero,Brasil,América Latina
BRA,1982,11.614438965312024,Empleo manufacturero,Brasil,América Latina
BRA,1983,11.177290882318236,Empleo manufacturero,Brasil,América Latina
BRA,1984,11.23776367480484,Empleo manufacturero,Brasil,América Latina
BRA,1985,11.762119178057043,Empleo manufacturero,Brasil,América Latina
BRA,1986,12.925432530921373,Empleo manufacturero,Brasil,América Latina
BRA,1987,12.578487247860256,Empleo manufacturero,Brasil,América Latina
BRA,1988,12.652149536107448,Empleo manufacturero,Brasil,América Latina
BRA,1989,12.790359602752645,Empleo manufacturero,Brasil,América Latina
BRA,1990,12.238995843942693,Empleo manufacturero,Brasil,América Latina
BRA,1991,11.540131487598822,Empleo manufacturero,Brasil,América Latina
BRA,1992,10.979804259758884,Empleo manufacturero,Brasil,América Latina
BRA,1993,10.930691001625421,Empleo manufacturero,Brasil,América Latina
BRA,1994,10.872690585652627,Empleo manufacturero,Brasil,América Latina
BRA,1995,10.682252466985062,Empleo manufacturero,Brasil,América Latina
BRA,1996,10.550962603596162,Empleo manufacturero,Brasil,América Latina
BRA,1997,10.240254993812016,Empleo manufacturero,Brasil,América Latina
BRA,1998,9.90356409828804,Empleo manufacturero,Brasil,América Latina
BRA,1999,9.892228101259393,Empleo manufacturero,Brasil,América Latina
BRA,2000,10.245372581997673,Empleo manufacturero,Brasil,América Latina
BRA,2001,10.229623962693832,Empleo manufacturero,Brasil,América Latina
BRA,2002,10.280785703936884,Empleo manufacturero,Brasil,América Latina
BRA,2003,10.504229006579077,Empleo manufacturero,Brasil,América Latina
BRA,2004,10.844873962494432,Empleo manufacturero,Brasil,América Latina
BRA,2005,11.376677123053724,Empleo manufacturero,Brasil,América Latina
BRA,2006,11.086580403177324,Empleo manufacturero,Brasil,América Latina
BRA,2007,11.362886487683765,Empleo manufacturero,Brasil,América Latina
BRA,2008,11.578027781004872,Empleo manufacturero,Brasil,América Latina
BRA,2009,11.330488495348915,Empleo manufacturero,Brasil,América Latina
BRA,2010,11.827786717176563,Empleo manufacturero,Brasil,América Latina
BRA,2011,11.823208555205472,Empleo manufacturero,Brasil,América Latina
BRA,2012,11.832356665297283,Empleo manufacturero,Brasil,América Latina
BRA,2013,11.820684195633675,Empleo manufacturero,Brasil,América Latina
BRA,2014,11.29755044239988,Empleo manufacturero,Brasil,América Latina
BRA,2015,10.998486235251299,Empleo manufacturero,Brasil,América Latina
BRA,2016,10.55355455151857,Empleo manufacturero,Brasil,América Latina
BRA,2017,10.568261392076444,Empleo manufacturero,Brasil,América Latina
BRA,2018,10.465003087254658,Empleo manufacturero,Brasil,América Latina
CHN,1978,17.100320069480386,Empleo manufacturero,China,Este asiático
CHN,1979,17.38510453139166,Empleo manufacturero,China,Este asiático
CHN,1980,17.986983117627783,Empleo manufacturero,China,Este asiático
CHN,1981,18.09514929264938,Empleo manufacturero,China,Este asiático
CHN,1982,18.2165985744772,Empleo manufacturero,China,Este asiático
CHN,1983,18.477961490613303,Empleo manufacturero,China,Este asiático
CHN,1984,19.6715133702942,Empleo manufacturero,China,Este asiático
CHN,1985,20.584406904832203,Empleo manufacturero,China,Este asiático
CHN,1986,21.622814278294314,Empleo manufacturero,China,Este asiático
CHN,1987,21.963168391642387,Empleo manufacturero,China,Este asiático
CHN,1988,22.111349755330686,Empleo manufacturero,China,Este asiático
CHN,1989,21.399229586347282,Empleo manufacturero,China,Este asiático
CHN,1990,21.399558294336593,Empleo manufacturero,China,Este asiático
CHN,1991,21.39988700737506,Empleo manufacturero,China,Este asiático
CHN,1992,21.70002418672149,Empleo manufacturero,China,Este asiático
CHN,1993,22.400011974613818,Empleo manufacturero,China,Este asiático
CHN,1994,22.699577496108517,Empleo manufacturero,China,Este asiático
CHN,1995,23.00007345919342,Empleo manufacturero,China,Este asiático
CHN,1996,23.499637418419145,Empleo manufacturero,China,Este asiático
CHN,1997,23.69951303351475,Empleo manufacturero,China,Este asiático
CHN,1998,23.500431785041833,Empleo manufacturero,China,Este asiático
CHN,2000,22.5,Empleo manufacturero,China,Este asiático
CHN,2001,22.3,Empleo manufacturero,China,Este asiático
CHN,2002,21.4,Empleo manufacturero,China,Este asiático
CHN,2003,21.6,Empleo manufacturero,China,Este asiático
CHN,2004,22.5,Empleo manufacturero,China,Este asiático
CHN,2005,23.800018754939916,Empleo manufacturero,China,Este asiático
CHN,2006,25.2,Empleo manufacturero,China,Este asiático
CHN,2007,26.8,Empleo manufacturero,China,Este asiático
CHN,2008,27.2,Empleo manufacturero,China,Este asiático
CHN,2009,27.8,Empleo manufacturero,China,Este asiático
CHN,2010,28.7,Empleo manufacturero,China,Este asiático
CHN,2011,29.50013085579691,Empleo manufacturero,China,Este asiático
CHN,2012,30.29959324155194,Empleo manufacturero,China,Este asiático
CHN,2013,30.099899970120944,Empleo manufacturero,China,Este asiático
CHN,2014,29.900456940183552,Empleo manufacturero,China,Este asiático
CHN,2015,29.29981536713535,Empleo manufacturero,China,Este asiático
CHN,2016,28.800432972952077,Empleo manufacturero,China,Este asiático
CHN,2017,28.10922205048944,Empleo manufacturero,China,Este asiático
CHN,2018,27.569406851751605,Empleo manufacturero,China,Este asiático
GBR,1970,33.08430969615879,Empleo manufacturero,Reino Unido,Desarrollados
GBR,1971,32.25939355058048,Empleo manufacturero,Reino Unido,Desarrollados
GBR,1972,31.019253830150692,Empleo manufacturero,Reino Unido,Desarrollados
GBR,1973,30.861181408697295,Empleo manufacturero,Reino Unido,Desarrollados
GBR,1974,31.463871620236382,Empleo manufacturero,Reino Unido,Desarrollados
GBR,1975,30.27701466578202,Empleo manufacturero,Reino Unido,Desarrollados
GBR,1976,29.80449328108974,Empleo manufacturero,Reino Unido,Desarrollados
GBR,1977,29.69233976937839,Empleo manufacturero,Reino Unido,Desarrollados
GBR,1978,28.877886397312174,Empleo manufacturero,Reino Unido,Desarrollados
GBR,1979,27.85861869638017,Empleo manufacturero,Reino Unido,Desarrollados
GBR,1980,26.333022554158937,Empleo manufacturero,Reino Unido,Desarrollados
GBR,1981,24.073325187374966,Empleo manufacturero,Reino Unido,Desarrollados
GBR,1982,22.80055446346453,Empleo manufacturero,Reino Unido,Desarrollados
GBR,1983,21.817004069403154,Empleo manufacturero,Reino Unido,Desarrollados
GBR,1984,21.33345282872081,Empleo manufacturero,Reino Unido,Desarrollados
GBR,1985,20.33338847804148,Empleo manufacturero,Reino Unido,Desarrollados
GBR,1986,20.03891608016224,Empleo manufacturero,Reino Unido,Desarrollados
GBR,1987,19.460546332142204,Empleo manufacturero,Reino Unido,Desarrollados
GBR,1988,19.035485901500383,Empleo manufacturero,Reino Unido,Desarrollados
GBR,1989,18.411990380001047,Empleo manufacturero,Reino Unido,Desarrollados
GBR,1990,17.92349673334725,Empleo manufacturero,Reino Unido,Desarrollados
GBR,1991,17.141360565726895,Empleo manufacturero,Reino Unido,Desarrollados
GBR,1992,16.751582107366364,Empleo manufacturero,Reino Unido,Desarrollados
GBR,1993,14.993288434042594,Empleo manufacturero,Reino Unido,Desarrollados
GBR,1994,17.00421952120141,Empleo manufacturero,Reino Unido,Desarrollados
GBR,1995,15.377208825262356,Empleo manufacturero,Reino Unido,Desarrollados
GBR,1996,15.421244203064044,Empleo manufacturero,Reino Unido,Desarrollados
GBR,1997,15.175270992323599,Empleo manufacturero,Reino Unido,Desarrollados
GBR,1998,14.912883660018222,Empleo manufacturero,Reino Unido,Desarrollados
GBR,1999,14.447841101208898,Empleo manufacturero,Reino Unido,Desarrollados
GBR,2000,13.745161600196832,Empleo manufacturero,Reino Unido,Desarrollados
GBR,2001,12.958925477081452,Empleo manufacturero,Reino Unido,Desarrollados
GBR,2002,12.245996991266104,Empleo manufacturero,Reino Unido,Desarrollados
GBR,2003,11.43287929018708,Empleo manufacturero,Reino Unido,Desarrollados
GBR,2004,10.862563930429559,Empleo manufacturero,Reino Unido,Desarrollados
GBR,2005,10.215396469684636,Empleo manufacturero,Reino Unido,Desarrollados
GBR,2006,9.849628567696861,Empleo manufacturero,Reino Unido,Desarrollados
GBR,2007,9.514411241166256,Empleo manufacturero,Reino Unido,Desarrollados
GBR,2008,9.174885318167918,Empleo manufacturero,Reino Unido,Desarrollados
GBR,2009,8.724414961421857,Empleo manufacturero,Reino Unido,Desarrollados
GBR,2010,8.500470523992878,Empleo manufacturero,Reino Unido,Desarrollados
GBR,2011,8.415718388609346,Empleo manufacturero,Reino Unido,Desarrollados
GBR,2012,8.392239744489693,Empleo manufacturero,Reino Unido,Desarrollados
GBR,2013,8.232549329026948,Empleo manufacturero,Reino Unido,Desarrollados
GBR,2014,8.085903341298081,Empleo manufacturero,Reino Unido,Desarrollados
GBR,2015,8.025137980791545,Empleo manufacturero,Reino Unido,Desarrollados
GBR,2016,7.883941943797769,Empleo manufacturero,Reino Unido,Desarrollados
GBR,2017,7.921423889795131,Empleo manufacturero,Reino Unido,Desarrollados
GBR,2018,7.94570846714829,Empleo manufacturero,Reino Unido,Desarrollados
GBR,2019,7.77723800403667,Empleo manufacturero,Reino Unido,Desarrollados
KOR,1970,17.718623271290422,Empleo manufacturero,Corea del Sur,Este asiático
KOR,1971,18.10778202292379,Empleo manufacturero,Corea del Sur,Este asiático
KOR,1972,18.653049426727044,Empleo manufacturero,Corea del Sur,Este asiático
KOR,1973,20.352769146408335,Empleo manufacturero,Corea del Sur,Este asiático
KOR,1974,22.301024428684002,Empleo manufacturero,Corea del Sur,Este asiático
KOR,1975,24.044136515268153,Empleo manufacturero,Corea del Sur,Este asiático
KOR,1976,26.667740895907187,Empleo manufacturero,Corea del Sur,Este asiático
KOR,1977,27.778645020293474,Empleo manufacturero,Corea del Sur,Este asiático
KOR,1978,29.630181926632865,Empleo manufacturero,Corea del Sur,Este asiático
KOR,1979,30.28231142479047,Empleo manufacturero,Corea del Sur,Este asiático
KOR,1980,28.984871738653805,Empleo manufacturero,Corea del Sur,Este asiático
KOR,1981,27.74727233830136,Empleo manufacturero,Corea del Sur,Este asiático
KOR,1982,27.853119132067597,Empleo manufacturero,Corea del Sur,Este asiático
KOR,1983,29.10720441227163,Empleo manufacturero,Corea del Sur,Este asiático
KOR,1984,30.722849816342087,Empleo manufacturero,Corea del Sur,Este asiático
KOR,1985,30.801603206412825,Empleo manufacturero,Corea del Sur,Este asiático
KOR,1986,31.873589164785553,Empleo manufacturero,Corea del Sur,Este asiático
KOR,1987,34.03448697566345,Empleo manufacturero,Corea del Sur,Este asiático
KOR,1988,34.86869405418223,Empleo manufacturero,Corea del Sur,Este asiático
KOR,1989,35.159453302961275,Empleo manufacturero,Corea del Sur,Este asiático
KOR,1990,35.42162012717722,Empleo manufacturero,Corea del Sur,Este asiático
KOR,1991,36.007292616226074,Empleo manufacturero,Corea del Sur,Este asiático
KOR,1992,34.99921090009995,Empleo manufacturero,Corea del Sur,Este asiático
KOR,1993,33.71113652906312,Empleo manufacturero,Corea del Sur,Este asiático
KOR,1994,33.28295042321645,Empleo manufacturero,Corea del Sur,Este asiático
KOR,1995,33.305574605662784,Empleo manufacturero,Corea del Sur,Este asiático
KOR,1996,32.41739797631036,Empleo manufacturero,Corea del Sur,Este asiático
KOR,1997,31.059677571415104,Empleo manufacturero,Corea del Sur,Este asiático
KOR,1998,27.876416892366336,Empleo manufacturero,Corea del Sur,Este asiático
KOR,1999,27.416095806022373,Empleo manufacturero,Corea del Sur,Este asiático
KOR,2000,28.12071978463137,Empleo manufacturero,Corea del Sur,Este asiático
KOR,2001,27.426667900434904,Empleo manufacturero,Corea del Sur,Este asiático
KOR,2002,27.244512414537603,Empleo manufacturero,Corea del Sur,Este asiático
KOR,2003,27.51327513275133,Empleo manufacturero,Corea del Sur,Este asiático
KOR,2004,27.325632660259238,Empleo manufacturero,Corea del Sur,Este asiático
KOR,2005,26.879681135298497,Empleo manufacturero,Corea del Sur,Este asiático
KOR,2006,26.29032258064516,Empleo manufacturero,Corea del Sur,Este asiático
KOR,2007,25.324476889775475,Empleo manufacturero,Corea del Sur,Este asiático
KOR,2008,24.76550998948475,Empleo manufacturero,Corea del Sur,Este asiático
KOR,2009,24.259118541033434,Empleo manufacturero,Corea del Sur,Este asiático
KOR,2010,24.734739732867308,Empleo manufacturero,Corea del Sur,Este asiático
KOR,2011,24.483222571044156,Empleo manufacturero,Corea del Sur,Este asiático
KOR,2012,24.20877579643358,Empleo manufacturero,Corea del Sur,Este asiático
KOR,2013,24.17882129728448,Empleo manufacturero,Corea del Sur,Este asiático
KOR,2014,24.454096647755645,Empleo manufacturero,Corea del Sur,Este asiático
KOR,2015,24.97827601406406,Empleo manufacturero,Corea del Sur,Este asiático
KOR,2016,24.65223284767333,Empleo manufacturero,Corea del Sur,Este asiático
KOR,2017,24.265084163683333,Empleo manufacturero,Corea del Sur,Este asiático
KOR,2018,23.880806653230074,Empleo manufacturero,Corea del Sur,Este asiático
KOR,2019,23.191645561109834,Empleo manufacturero,Corea del Sur,Este asiático
USA,1970,22.83311936309613,Empleo manufacturero,Estados Unidos,Desarrollados
USA,1971,21.885145236361783,Empleo manufacturero,Estados Unidos,Desarrollados
USA,1972,21.893970316589026,Empleo manufacturero,Estados Unidos,Desarrollados
USA,1973,22.188565724743963,Empleo manufacturero,Estados Unidos,Desarrollados
USA,1974,21.79624760306522,Empleo manufacturero,Estados Unidos,Desarrollados
USA,1975,20.27536269570658,Empleo manufacturero,Estados Unidos,Desarrollados
USA,1976,20.533214016076318,Empleo manufacturero,Estados Unidos,Desarrollados
USA,1977,20.60144636863608,Empleo manufacturero,Estados Unidos,Desarrollados
USA,1978,20.521465956134687,Empleo manufacturero,Estados Unidos,Desarrollados
USA,1979,20.338844781669078,Empleo manufacturero,Estados Unidos,Desarrollados
USA,1980,19.533544197491985,Empleo manufacturero,Estados Unidos,Desarrollados
USA,1981,19.265978503859635,Empleo manufacturero,Estados Unidos,Desarrollados
USA,1982,18.242568160534276,Empleo manufacturero,Estados Unidos,Desarrollados
USA,1983,17.71006187483053,Empleo manufacturero,Estados Unidos,Desarrollados
USA,1984,17.8254333787213,Empleo manufacturero,Estados Unidos,Desarrollados
USA,1985,17.324524620393856,Empleo manufacturero,Estados Unidos,Desarrollados
USA,1986,16.788687171413766,Empleo manufacturero,Estados Unidos,Desarrollados
USA,1987,16.378063644928766,Empleo manufacturero,Estados Unidos,Desarrollados
USA,1988,16.232850443861427,Empleo manufacturero,Estados Unidos,Desarrollados
USA,1989,15.920078857388456,Empleo manufacturero,Estados Unidos,Desarrollados
USA,1990,15.494710258944824,Empleo manufacturero,Estados Unidos,Desarrollados
USA,1991,15.08319657209186,Empleo manufacturero,Estados Unidos,Desarrollados
USA,1992,14.776655773344297,Empleo manufacturero,Estados Unidos,Desarrollados
USA,1993,14.55837216045254,Empleo manufacturero,Estados Unidos,Desarrollados
USA,1994,14.507545016503006,Empleo manufacturero,Estados Unidos,Desarrollados
USA,1995,14.338109595487417,Empleo manufacturero,Estados Unidos,Desarrollados
USA,1996,14.063043727244787,Empleo manufacturero,Estados Unidos,Desarrollados
USA,1997,13.911444496041948,Empleo manufacturero,Estados Unidos,Desarrollados
USA,1998,13.717974738879954,Empleo manufacturero,Estados Unidos,Desarrollados
USA,1999,13.316825610990156,Empleo manufacturero,Estados Unidos,Desarrollados
USA,2000,12.965020267227143,Empleo manufacturero,Estados Unidos,Desarrollados
USA,2001,12.36226437738623,Empleo manufacturero,Estados Unidos,Desarrollados
USA,2002,11.591653524202354,Empleo manufacturero,Estados Unidos,Desarrollados
USA,2003,11.042082798532684,Empleo manufacturero,Estados Unidos,Desarrollados
USA,2004,10.787648041413973,Empleo manufacturero,Estados Unidos,Desarrollados
USA,2005,10.55665312585555,Empleo manufacturero,Estados Unidos,Desarrollados
USA,2006,10.339610564368895,Empleo manufacturero,Estados Unidos,Desarrollados
USA,2007,10.055837709932476,Empleo manufacturero,Estados Unidos,Desarrollados
USA,2008,9.793716743202857,Empleo manufacturero,Estados Unidos,Desarrollados
USA,2009,9.070077557401675,Empleo manufacturero,Estados Unidos,Desarrollados
USA,2010,8.906460140054723,Empleo manufacturero,Estados Unidos,Desarrollados
USA,2011,8.974025178423744,Empleo manufacturero,Estados Unidos,Desarrollados
USA,2012,8.989101841413003,Empleo manufacturero,Estados Unidos,Desarrollados
USA,2013,8.90342946912885,Empleo manufacturero,Estados Unidos,Desarrollados
USA,2014,8.870592342604445,Empleo manufacturero,Estados Unidos,Desarrollados
USA,2015,8.796925595132192,Empleo manufacturero,Estados Unidos,Desarrollados
USA,2016,8.636334926416405,Empleo manufacturero,Estados Unidos,Desarrollados
USA,2017,8.624590878581758,Empleo manufacturero,Estados Unidos,Desarrollados
USA,2018,8.59515702625373,Empleo manufacturero,Estados Unidos,Desarrollados
USA,2019,8.579005673235086,Empleo manufacturero,Estados Unidos,Desarrollados
ARG,1970,13.8673754401968,Exportaciones manufactureras,Argentina,América Latina
ARG,1971,15.1028041578074,Exportaciones manufactureras,Argentina,América Latina
ARG,1972,20.2782689944679,Exportaciones manufactureras,Argentina,América Latina
ARG,1973,22.3545708408807,Exportaciones manufactureras,Argentina,América Latina
ARG,1974,24.3547679911864,Exportaciones manufactureras,Argentina,América Latina
ARG,1975,24.3763712609859,Exportaciones manufactureras,Argentina,América Latina
ARG,1976,24.8428629062815,Exportaciones manufactureras,Argentina,América Latina
ARG,1977,23.8640829069,Exportaciones manufactureras,Argentina,América Latina
ARG,1978,26.1444096852747,Exportaciones manufactureras,Argentina,América Latina
ARG,1979,24.1268452434174,Exportaciones manufactureras,Argentina,América Latina
ARG,1980,23.1500827119401,Exportaciones manufactureras,Argentina,América Latina
ARG,1981,19.6479215465531,Exportaciones manufactureras,Argentina,América Latina
ARG,1982,24.2199722794775,Exportaciones manufactureras,Argentina,América Latina
ARG,1983,16.3440409197224,Exportaciones manufactureras,Argentina,América Latina
ARG,1984,17.5147291079299,Exportaciones manufactureras,Argentina,América Latina
ARG,1985,21.3522503820073,Exportaciones manufactureras,Argentina,América Latina
ARG,1986,26.2647293307668,Exportaciones manufactureras,Argentina,América Latina
ARG,1987,31.5745737652397,Exportaciones manufactureras,Argentina,América Latina
ARG,1992,26.1980458142999,Exportaciones manufactureras,Argentina,América Latina
ARG,1993,31.9724616113658,Exportaciones manufactureras,Argentina,América Latina
ARG,1994,32.8707335943366,Exportaciones manufactureras,Argentina,América Latina
ARG,1995,33.8857980615535,Exportaciones manufactureras,Argentina,América Latina
ARG,1996,30.062897244339,Exportaciones manufactureras,Argentina,América Latina
ARG,1997,34.3192422149455,Exportaciones manufactureras,Argentina,América Latina
ARG,1998,34.882302656327,Exportaciones manufactureras,Argentina,América Latina
ARG,1999,31.7123726538866,Exportaciones manufactureras,Argentina,América Latina
ARG,2000,32.3894881497921,Exportaciones manufactureras,Argentina,América Latina
ARG,2001,32.5022403716095,Exportaciones manufactureras,Argentina,América Latina
ARG,2002,30.4601239582791,Exportaciones manufactureras,Argentina,América Latina
ARG,2003,26.6612827648928,Exportaciones manufactureras,Argentina,América Latina
ARG,2004,28.4790342216867,Exportaciones manufactureras,Argentina,América Latina
ARG,2005,30.6370052584991,Exportaciones manufactureras,Argentina,América Latina
ARG,2006,31.7706580715672,Exportaciones manufactureras,Argentina,América Latina
ARG,2007,30.9559868356266,Exportaciones manufactureras,Argentina,América Latina
ARG,2008,30.8479405457576,Exportaciones manufactureras,Argentina,América Latina
ARG,2009,31.9760136072853,Exportaciones manufactureras,Argentina,América Latina
ARG,2010,32.188461995905,Exportaciones manufactureras,Argentina,América Latina
ARG,2011,31.7073940803998,Exportaciones manufactureras,Argentina,América Latina
ARG,2012,31.1709213595475,Exportaciones manufactureras,Argentina,América Latina
ARG,2013,31.6131741589715,Exportaciones manufactureras,Argentina,América Latina
ARG,2014,31.2620642375565,Exportaciones manufactureras,Argentina,América Latina
ARG,2015,28.1591258919034,Exportaciones manufactureras,Argentina,América Latina
ARG,2016,25.6479861222021,Exportaciones manufactureras,Argentina,América Latina
ARG,2017,27.6743405207163,Exportaciones manufactureras,Argentina,América Latina
ARG,2018,19.4577177222696,Exportaciones manufactureras,Argentina,América Latina
ARG,2019,16.55456541936,Exportaciones manufactureras,Argentina,América Latina
BRA,1970,13.2351025549217,Exportaciones manufactureras,Brasil,América Latina
BRA,1971,15.1909559334043,Exportaciones manufactureras,Brasil,América Latina
BRA,1972,18.7654403694035,Exportaciones manufactureras,Brasil,América Latina
BRA,1973,19.629376553649,Exportaciones manufactureras,Brasil,América Latina
BRA,1974,24.1564602228287,Exportaciones manufactureras,Brasil,América Latina
BRA,1975,25.2891801378536,Exportaciones manufactureras,Brasil,América Latina
BRA,1976,23.0288627974591,Exportaciones manufactureras,Brasil,América Latina
BRA,1977,25.1156158249429,Exportaciones manufactureras,Brasil,América Latina
BRA,1978,33.2754469808511,Exportaciones manufactureras,Brasil,América Latina
BRA,1979,37.6088572191986,Exportaciones manufactureras,Brasil,América Latina
BRA,1980,37.2136538724663,Exportaciones manufactureras,Brasil,América Latina
BRA,1981,39.1067152261494,Exportaciones manufactureras,Brasil,América Latina
BRA,1982,38.2732127746276,Exportaciones manufactureras,Brasil,América Latina
BRA,1983,39.3599665348107,Exportaciones manufactureras,Brasil,América Latina
BRA,1984,41.3263493900748,Exportaciones manufactureras,Brasil,América Latina
BRA,1985,43.7442219918951,Exportaciones manufactureras,Brasil,América Latina
BRA,1986,47.9420505201657,Exportaciones manufactureras,Brasil,América Latina
BRA,1987,49.5852421818567,Exportaciones manufactureras,Brasil,América Latina
BRA,1989,53.6623187263556,Exportaciones manufactureras,Brasil,América Latina
BRA,1990,51.7630735947149,Exportaciones manufactureras,Brasil,América Latina
BRA,1991,54.7849152971179,Exportaciones manufactureras,Brasil,América Latina
BRA,1992,56.8711779303876,Exportaciones manufactureras,Brasil,América Latina
BRA,1993,58.7457978047874,Exportaciones manufactureras,Brasil,América Latina
BRA,1994,54.7109897303379,Exportaciones manufactureras,Brasil,América Latina
BRA,1995,53.0244811116475,Exportaciones manufactureras,Brasil,América Latina
BRA,1996,52.9036258542496,Exportaciones manufactureras,Brasil,América Latina
BRA,1997,52.9003248466352,Exportaciones manufactureras,Brasil,América Latina
BRA,1998,53.9269991607666,Exportaciones manufactureras,Brasil,América Latina
BRA,1999,53.2631913302008,Exportaciones manufactureras,Brasil,América Latina
BRA,2000,57.5531410445161,Exportaciones manufactureras,Brasil,América Latina
BRA,2001,53.5716112142027,Exportaciones manufactureras,Brasil,América Latina
BRA,2002,52.0301064054833,Exportaciones manufactureras,Brasil,América Latina
BRA,2003,51.0705626367766,Exportaciones manufactureras,Brasil,América Latina
BRA,2004,52.6079034526395,Exportaciones manufactureras,Brasil,América Latina
BRA,2005,52.2046909338931,Exportaciones manufactureras,Brasil,América Latina
BRA,2006,49.7402105731925,Exportaciones manufactureras,Brasil,América Latina
BRA,2007,47.3230920855875,Exportaciones manufactureras,Brasil,América Latina
BRA,2008,43.221716694584,Exportaciones manufactureras,Brasil,América Latina
BRA,2009,37.7685815908127,Exportaciones manufactureras,Brasil,América Latina
BRA,2010,34.958895233338,Exportaciones manufactureras,Brasil,América Latina
BRA,2011,32.3583556455642,Exportaciones manufactureras,Brasil,América Latina
BRA,2012,33.2036805014074,Exportaciones manufactureras,Brasil,América Latina
BRA,2013,32.5715331907528,Exportaciones manufactureras,Brasil,América Latina
BRA,2014,32.1790576689769,Exportaciones manufactureras,Brasil,América Latina
BRA,2015,34.8651659700771,Exportaciones manufactureras,Brasil,América Latina
BRA,2016,36.1209000742178,Exportaciones manufactureras,Brasil,América Latina
BRA,2017,34.8248260736675,Exportaciones manufactureras,Brasil,América Latina
BRA,2018,32.3576397610223,Exportaciones manufactureras,Brasil,América Latina
BRA,2019,30.1943927380285,Exportaciones manufactureras,Brasil,América Latina
CHN,1984,47.6535194248227,Exportaciones manufactureras,China,Este asiático
CHN,1985,26.4304964176617,Exportaciones manufactureras,China,Este asiático
CHN,1986,28.8498460058666,Exportaciones manufactureras,China,Este asiático
CHN,1987,58.2542179002807,Exportaciones manufactureras,China,Este asiático
CHN,1992,78.6524482792981,Exportaciones manufactureras,China,Este asiático
CHN,1993,80.5615509279247,Exportaciones manufactureras,China,Este asiático
CHN,1994,82.2776687749031,Exportaciones manufactureras,China,Este asiático
CHN,1995,84.0394163896163,Exportaciones manufactureras,China,Este asiático
CHN,1996,84.2660536186756,Exportaciones manufactureras,China,Este asiático
CHN,1997,85.3035094172394,Exportaciones manufactureras,China,Este asiático
CHN,1998,87.3900099545429,Exportaciones manufactureras,China,Este asiático
CHN,1999,88.2752602765214,Exportaciones manufactureras,China,Este asiático
CHN,2000,88.2293171765186,Exportaciones manufactureras,China,Este asiático
CHN,2001,88.6287487047227,Exportaciones manufactureras,China,Este asiático
CHN,2002,89.8595609635985,Exportaciones manufactureras,China,Este asiático
CHN,2003,90.5944711080778,Exportaciones manufactureras,China,Este asiático
CHN,2004,91.4149282186294,Exportaciones manufactureras,China,Este asiático
CHN,2005,91.9176727400031,Exportaciones manufactureras,China,Este asiático
CHN,2006,92.4180993276338,Exportaciones manufactureras,China,Este asiático
CHN,2007,93.126746738674,Exportaciones manufactureras,China,Este asiático
CHN,2008,93.0643514805815,Exportaciones manufactureras,China,Este asiático
CHN,2009,93.6054445336518,Exportaciones manufactureras,China,Este asiático
CHN,2010,93.5899998443316,Exportaciones manufactureras,China,Este asiático
CHN,2011,93.3409925707617,Exportaciones manufactureras,China,Este asiático
CHN,2012,93.9614842619085,Exportaciones manufactureras,China,Este asiático
CHN,2013,94.0381521516055,Exportaciones manufactureras,China,Este asiático
CHN,2014,94.0039246038441,Exportaciones manufactureras,China,Este asiático
CHN,2015,94.3003313730696,Exportaciones manufactureras,China,Este asiático
CHN,2016,93.7167028020422,Exportaciones manufactureras,China,Este asiático
CHN,2017,93.511711476449,Exportaciones manufactureras,China,Este asiático
CHN,2018,93.2388307531011,Exportaciones manufactureras,China,Este asiático
CHN,2019,92.8740842473991,Exportaciones manufactureras,China,Este asiático
GBR,1970,80.0893023826859,Exportaciones manufactureras,Reino Unido,Desarrollados
GBR,1971,81.977954352833,Exportaciones manufactureras,Reino Unido,Desarrollados
GBR,1972,81.165914791997,Exportaciones manufactureras,Reino Unido,Desarrollados
GBR,1973,79.6305288560211,Exportaciones manufactureras,Reino Unido,Desarrollados
GBR,1974,78.7978743961881,Exportaciones manufactureras,Reino Unido,Desarrollados
GBR,1975,80.5886002100702,Exportaciones manufactureras,Reino Unido,Desarrollados
GBR,1976,80.4188981393151,Exportaciones manufactureras,Reino Unido,Desarrollados
GBR,1977,78.8727400262219,Exportaciones manufactureras,Reino Unido,Desarrollados
GBR,1978,78.3772928620737,Exportaciones manufactureras,Reino Unido,Desarrollados
GBR,1979,74.9591161262185,Exportaciones manufactureras,Reino Unido,Desarrollados
GBR,1980,71.4854790701106,Exportaciones manufactureras,Reino Unido,Desarrollados
GBR,1981,66.3160789652846,Exportaciones manufactureras,Reino Unido,Desarrollados
GBR,1982,65.1448201936935,Exportaciones manufactureras,Reino Unido,Desarrollados
GBR,1983,63.1968839284098,Exportaciones manufactureras,Reino Unido,Desarrollados
GBR,1984,63.9755969448142,Exportaciones manufactureras,Reino Unido,Desarrollados
GBR,1985,65.2868759362998,Exportaciones manufactureras,Reino Unido,Desarrollados
GBR,1986,72.8197463219692,Exportaciones manufactureras,Reino Unido,Desarrollados
GBR,1987,74.528121042222,Exportaciones manufactureras,Reino Unido,Desarrollados
GBR,1988,79.6112379527736,Exportaciones manufactureras,Reino Unido,Desarrollados
GBR,1989,80.1018357816474,Exportaciones manufactureras,Reino Unido,Desarrollados
GBR,1990,79.6979737230791,Exportaciones manufactureras,Reino Unido,Desarrollados
GBR,1991,79.8681891709824,Exportaciones manufactureras,Reino Unido,Desarrollados
GBR,1992,77.9932746556161,Exportaciones manufactureras,Reino Unido,Desarrollados
GBR,1993,78.6110593622991,Exportaciones manufactureras,Reino Unido,Desarrollados
GBR,1994,79.7187876947245,Exportaciones manufactureras,Reino Unido,Desarrollados
GBR,1995,81.9230852000364,Exportaciones manufactureras,Reino Unido,Desarrollados
GBR,1996,82.5335399981146,Exportaciones manufactureras,Reino Unido,Desarrollados
GBR,1997,82.5008260941558,Exportaciones manufactureras,Reino Unido,Desarrollados
GBR,1998,84.2963509152087,Exportaciones manufactureras,Reino Unido,Desarrollados
GBR,1999,83.7375324175455,Exportaciones manufactureras,Reino Unido,Desarrollados
GBR,2000,75.2092987705848,Exportaciones manufactureras,Reino Unido,Desarrollados
GBR,2001,75.4213741840736,Exportaciones manufactureras,Reino Unido,Desarrollados
GBR,2002,77.9202742851375,Exportaciones manufactureras,Reino Unido,Desarrollados
GBR,2003,77.3213984627367,Exportaciones manufactureras,Reino Unido,Desarrollados
GBR,2004,75.983085666887,Exportaciones manufactureras,Reino Unido,Desarrollados
GBR,2005,75.2151236338622,Exportaciones manufactureras,Reino Unido,Desarrollados
GBR,2006,76.9528068946362,Exportaciones manufactureras,Reino Unido,Desarrollados
GBR,2007,72.6907575643402,Exportaciones manufactureras,Reino Unido,Desarrollados
GBR,2008,67.9728089736266,Exportaciones manufactureras,Reino Unido,Desarrollados
GBR,2009,66.1410203543034,Exportaciones manufactureras,Reino Unido,Desarrollados
GBR,2010,67.8872228046867,Exportaciones manufactureras,Reino Unido,Desarrollados
GBR,2011,62.9058854639269,Exportaciones manufactureras,Reino Unido,Desarrollados
GBR,2012,65.8174144312987,Exportaciones manufactureras,Reino Unido,Desarrollados
GBR,2013,58.5143208890498,Exportaciones manufactureras,Reino Unido,Desarrollados
GBR,2014,68.2496476290818,Exportaciones manufactureras,Reino Unido,Desarrollados
GBR,2015,71.6481714245796,Exportaciones manufactureras,Reino Unido,Desarrollados
GBR,2016,76.1812352703602,Exportaciones manufactureras,Reino Unido,Desarrollados
GBR,2017,74.0197611871942,Exportaciones manufactureras,Reino Unido,Desarrollados
GBR,2018,68.9892207680565,Exportaciones manufactureras,Reino Unido,Desarrollados
GBR,2019,71.7820575556781,Exportaciones manufactureras,Reino Unido,Desarrollados
KOR,1970,76.5258123309536,Exportaciones manufactureras,Corea del Sur,Este asiático
KOR,1971,81.6466966126497,Exportaciones manufactureras,Corea del Sur,Este asiático
KOR,1972,83.5847640121095,Exportaciones manufactureras,Corea del Sur,Este asiático
KOR,1973,83.9778023613739,Exportaciones manufactureras,Corea del Sur,Este asiático
KOR,1974,84.6353105869525,Exportaciones manufactureras,Corea del Sur,Este asiático
KOR,1975,81.3750670954177,Exportaciones manufactureras,Corea del Sur,Este asiático
KOR,1976,87.4114384628819,Exportaciones manufactureras,Corea del Sur,Este asiático
KOR,1977,84.8043831874624,Exportaciones manufactureras,Corea del Sur,Este asiático
KOR,1978,88.2329872345004,Exportaciones manufactureras,Corea del Sur,Este asiático
KOR,1979,88.8262640705568,Exportaciones manufactureras,Corea del Sur,Este asiático
KOR,1980,89.5475567614332,Exportaciones manufactureras,Corea del Sur,Este asiático
KOR,1981,89.9992183243592,Exportaciones manufactureras,Corea del Sur,Este asiático
KOR,1982,91.1551245084913,Exportaciones manufactureras,Corea del Sur,Este asiático
KOR,1983,90.9005997364565,Exportaciones manufactureras,Corea del Sur,Este asiático
KOR,1984,91.2225576254062,Exportaciones manufactureras,Corea del Sur,Este asiático
KOR,1985,91.3112446405331,Exportaciones manufactureras,Corea del Sur,Este asiático
KOR,1986,91.9160916052112,Exportaciones manufactureras,Corea del Sur,Este asiático
KOR,1987,92.350498126727,Exportaciones manufactureras,Corea del Sur,Este asiático
KOR,1988,92.9617045338793,Exportaciones manufactureras,Corea del Sur,Este asiático
KOR,1989,92.7572827781247,Exportaciones manufactureras,Corea del Sur,Este asiático
KOR,1990,93.2278353593989,Exportaciones manufactureras,Corea del Sur,Este asiático
KOR,1991,92.5845269956676,Exportaciones manufactureras,Corea del Sur,Este asiático
KOR,1992,92.5105995123965,Exportaciones manufactureras,Corea del Sur,Este asiático
KOR,1993,92.80506109613,Exportaciones manufactureras,Corea del Sur,Este asiático
KOR,1994,92.8144902876984,Exportaciones manufactureras,Corea del Sur,Este asiático
KOR,1995,91.5105678240033,Exportaciones manufactureras,Corea del Sur,Este asiático
KOR,1996,88.6280952347867,Exportaciones manufactureras,Corea del Sur,Este asiático
KOR,1997,86.893159212427,Exportaciones manufactureras,Corea del Sur,Este asiático
KOR,1998,86.381311790697,Exportaciones manufactureras,Corea del Sur,Este asiático
KOR,1999,89.6002348173895,Exportaciones manufactureras,Corea del Sur,Este asiático
KOR,2000,89.9385803085677,Exportaciones manufactureras,Corea del Sur,Este asiático
KOR,2001,90.0903632193028,Exportaciones manufactureras,Corea del Sur,Este asiático
KOR,2002,91.6373775910778,Exportaciones manufactureras,Corea del Sur,Este asiático
KOR,2003,91.7326941883459,Exportaciones manufactureras,Corea del Sur,Este asiático
KOR,2004,91.0561042892865,Exportaciones manufactureras,Corea del Sur,Este asiático
KOR,2005,90.8174438407015,Exportaciones manufactureras,Corea del Sur,Este asiático
KOR,2006,89.1824151820771,Exportaciones manufactureras,Corea del Sur,Este asiático
KOR,2007,88.989257128051,Exportaciones manufactureras,Corea del Sur,Este asiático
KOR,2008,86.5518555352658,Exportaciones manufactureras,Corea del Sur,Este asiático
KOR,2009,88.7881930033288,Exportaciones manufactureras,Corea del Sur,Este asiático
KOR,2010,88.2923386778366,Exportaciones manufactureras,Corea del Sur,Este asiático
KOR,2011,85.3005942148743,Exportaciones manufactureras,Corea del Sur,Este asiático
KOR,2012,84.5165005740439,Exportaciones manufactureras,Corea del Sur,Este asiático
KOR,2013,85.9871669666779,Exportaciones manufactureras,Corea del Sur,Este asiático
KOR,2014,86.527716490519,Exportaciones manufactureras,Corea del Sur,Este asiático
KOR,2015,89.4390554443509,Exportaciones manufactureras,Corea del Sur,Este asiático
KOR,2016,89.8692717580014,Exportaciones manufactureras,Corea del Sur,Este asiático
KOR,2017,89.2667978483848,Exportaciones manufactureras,Corea del Sur,Este asiático
KOR,2018,87.5926002315728,Exportaciones manufactureras,Corea del Sur,Este asiático
KOR,2019,87.3975205295531,Exportaciones manufactureras,Corea del Sur,Este asiático
USA,1970,66.6956691172375,Exportaciones manufactureras,Estados Unidos,Desarrollados
USA,1971,68.5574962159667,Exportaciones manufactureras,Estados Unidos,Desarrollados
USA,1972,67.5973690424994,Exportaciones manufactureras,Estados Unidos,Desarrollados
USA,1973,62.1850953772855,Exportaciones manufactureras,Estados Unidos,Desarrollados
USA,1974,63.8642580051731,Exportaciones manufactureras,Estados Unidos,Desarrollados
USA,1975,65.6501729684243,Exportaciones manufactureras,Estados Unidos,Desarrollados
USA,1976,67.1620361881669,Exportaciones manufactureras,Estados Unidos,Desarrollados
USA,1977,67.2950818077173,Exportaciones manufactureras,Estados Unidos,Desarrollados
USA,1978,66.7243465896148,Exportaciones manufactureras,Estados Unidos,Desarrollados
USA,1979,66.0060111529252,Exportaciones manufactureras,Estados Unidos,Desarrollados
USA,1980,65.5455342332679,Exportaciones manufactureras,Estados Unidos,Desarrollados
USA,1981,67.2907747941275,Exportaciones manufactureras,Estados Unidos,Desarrollados
USA,1982,66.9404688079719,Exportaciones manufactureras,Estados Unidos,Desarrollados
USA,1983,67.1310983030659,Exportaciones manufactureras,Estados Unidos,Desarrollados
USA,1984,67.2599773600832,Exportaciones manufactureras,Estados Unidos,Desarrollados
USA,1985,69.9060613657017,Exportaciones manufactureras,Estados Unidos,Desarrollados
USA,1986,71.9834309711838,Exportaciones manufactureras,Estados Unidos,Desarrollados
USA,1987,70.1902624261512,Exportaciones manufactureras,Estados Unidos,Desarrollados
USA,1989,68.8338831328478,Exportaciones manufactureras,Estados Unidos,Desarrollados
USA,1990,74.0477577051374,Exportaciones manufactureras,Estados Unidos,Desarrollados
USA,1991,75.841567353322,Exportaciones manufactureras,Estados Unidos,Desarrollados
USA,1992,76.3092114891056,Exportaciones manufactureras,Estados Unidos,Desarrollados
USA,1993,76.6448361500997,Exportaciones manufactureras,Estados Unidos,Desarrollados
USA,1994,77.9732341747994,Exportaciones manufactureras,Estados Unidos,Desarrollados
USA,1995,77.1321288965062,Exportaciones manufactureras,Estados Unidos,Desarrollados
USA,1996,77.7788420635358,Exportaciones manufactureras,Estados Unidos,Desarrollados
USA,1997,80.4499885131812,Exportaciones manufactureras,Estados Unidos,Desarrollados
USA,1998,81.9358316107263,Exportaciones manufactureras,Estados Unidos,Desarrollados
USA,1999,82.819868633866,Exportaciones manufactureras,Estados Unidos,Desarrollados
USA,2000,82.3673615352238,Exportaciones manufactureras,Estados Unidos,Desarrollados
USA,2001,81.6713505049246,Exportaciones manufactureras,Estados Unidos,Desarrollados
USA,2002,81.5341182079117,Exportaciones manufactureras,Estados Unidos,Desarrollados
USA,2003,80.2980440972116,Exportaciones manufactureras,Estados Unidos,Desarrollados
USA,2004,74.4088619671752,Exportaciones manufactureras,Estados Unidos,Desarrollados
USA,2005,73.1628361992086,Exportaciones manufactureras,Estados Unidos,Desarrollados
USA,2006,78.7160112066687,Exportaciones manufactureras,Estados Unidos,Desarrollados
USA,2007,76.9365692836053,Exportaciones manufactureras,Estados Unidos,Desarrollados
USA,2008,73.1451140948404,Exportaciones manufactureras,Estados Unidos,Desarrollados
USA,2009,66.1708400172959,Exportaciones manufactureras,Estados Unidos,Desarrollados
USA,2010,65.4495860086988,Exportaciones manufactureras,Estados Unidos,Desarrollados
USA,2011,62.1334410159857,Exportaciones manufactureras,Estados Unidos,Desarrollados
USA,2012,62.0211232401721,Exportaciones manufactureras,Estados Unidos,Desarrollados
USA,2013,61.1842460654034,Exportaciones manufactureras,Estados Unidos,Desarrollados
USA,2014,61.4220021445613,Exportaciones manufactureras,Estados Unidos,Desarrollados
USA,2015,63.7146529670619,Exportaciones manufactureras,Estados Unidos,Desarrollados
USA,2016,63.2604946594473,Exportaciones manufactureras,Estados Unidos,Desarrollados
USA,2017,61.3709365092424,Exportaciones manufactureras,Estados Unidos,Desarrollados
USA,2018,58.9112087207058,Exportaciones manufactureras,Estados Unidos,Desarrollados
USA,2019,59.1142323221412,Exportaciones manufactureras,Estados Unidos,Desarrollados
ARG,1970,24.717515221700808,VAM / PBI,Argentina,América Latina
ARG,1971,25.28397943714501,VAM / PBI,Argentina,América Latina
ARG,1972,25.814814147778684,VAM / PBI,Argentina,América Latina
ARG,1973,25.981258182354377,VAM / PBI,Argentina,América Latina
ARG,1974,25.939673221448007,VAM / PBI,Argentina,América Latina
ARG,1975,25.55183495260963,VAM / PBI,Argentina,América Latina
ARG,1976,24.936440834061663,VAM / PBI,Argentina,América Latina
ARG,1977,25.1178080762627,VAM / PBI,Argentina,América Latina
ARG,1978,23.17886550013048,VAM / PBI,Argentina,América Latina
ARG,1979,23.74234572750376,VAM / PBI,Argentina,América Latina
ARG,1980,22.29431598734148,VAM / PBI,Argentina,América Latina
ARG,1981,20.512104343478846,VAM / PBI,Argentina,América Latina
ARG,1982,20.463040245629898,VAM / PBI,Argentina,América Latina
ARG,1983,21.264930511800102,VAM / PBI,Argentina,América Latina
ARG,1984,21.475803948754283,VAM / PBI,Argentina,América Latina
ARG,1985,20.710414481307847,VAM / PBI,Argentina,América Latina
ARG,1986,21.67972565636354,VAM / PBI,Argentina,América Latina
ARG,1987,21.45079237763942,VAM / PBI,Argentina,América Latina
ARG,1988,20.792466746116503,VAM / PBI,Argentina,América Latina
ARG,1989,20.57522915612674,VAM / PBI,Argentina,América Latina
ARG,1990,20.388912428520328,VAM / PBI,Argentina,América Latina
ARG,1991,20.396861104830187,VAM / PBI,Argentina,América Latina
ARG,1992,20.55956922362767,VAM / PBI,Argentina,América Latina
ARG,1993,20.356496762812636,VAM / PBI,Argentina,América Latina
ARG,1994,19.965015060965136,VAM / PBI,Argentina,América Latina
ARG,1995,20.478413245169204,VAM / PBI,Argentina,América Latina
ARG,1996,20.73092543937431,VAM / PBI,Argentina,América Latina
ARG,1997,21.083451532076328,VAM / PBI,Argentina,América Latina
ARG,1998,20.643803242405948,VAM / PBI,Argentina,América Latina
ARG,1999,19.619520094396204,VAM / PBI,Argentina,América Latina
ARG,2000,18.999039644765897,VAM / PBI,Argentina,América Latina
ARG,2001,18.346221712443914,VAM / PBI,Argentina,América Latina
ARG,2002,18.031614219432686,VAM / PBI,Argentina,América Latina
ARG,2003,19.41429082077988,VAM / PBI,Argentina,América Latina
ARG,2004,20.27256243800567,VAM / PBI,Argentina,América Latina
ARG,2005,19.945686073541676,VAM / PBI,Argentina,América Latina
ARG,2006,20.22525667480695,VAM / PBI,Argentina,América Latina
ARG,2007,20.13545222959488,VAM / PBI,Argentina,América Latina
ARG,2008,20.114842889721196,VAM / PBI,Argentina,América Latina
ARG,2009,19.7896515768892,VAM / PBI,Argentina,América Latina
ARG,2010,19.94784459162674,VAM / PBI,Argentina,América Latina
ARG,2011,20.37266997396596,VAM / PBI,Argentina,América Latina
ARG,2012,20.06426278162737,VAM / PBI,Argentina,América Latina
ARG,2013,19.92628461682398,VAM / PBI,Argentina,América Latina
ARG,2014,19.269738961723185,VAM / PBI,Argentina,América Latina
ARG,2015,18.907765242658876,VAM / PBI,Argentina,América Latina
ARG,2016,18.251844458172318,VAM / PBI,Argentina,América Latina
ARG,2017,18.25224352407998,VAM / PBI,Argentina,América Latina
ARG,2018,17.85511730637944,VAM / PBI,Argentina,América Latina
ARG,2019,17.030450471168507,VAM / PBI,Argentina,América Latina
BRA,1970,20.97192949721943,VAM / PBI,Brasil,América Latina
BRA,1971,21.061573588042524,VAM / PBI,Brasil,América Latina
BRA,1972,21.390297404654646,VAM / PBI,Brasil,América Latina
BRA,1973,21.731874881019944,VAM / PBI,Brasil,América Latina
BRA,1974,21.540953572896896,VAM / PBI,Brasil,América Latina
BRA,1975,21.51236147730286,VAM / PBI,Brasil,América Latina
BRA,1976,21.608459157373538,VAM / PBI,Brasil,América Latina
BRA,1977,21.278480463277177,VAM / PBI,Brasil,América Latina
BRA,1978,21.387749566331134,VAM / PBI,Brasil,América Latina
BRA,1979,21.27850056980637,VAM / PBI,Brasil,América Latina
BRA,1980,21.307595647013144,VAM / PBI,Brasil,América Latina
BRA,1981,20.244198133387755,VAM / PBI,Brasil,América Latina
BRA,1982,19.960932510875338,VAM / PBI,Brasil,América Latina
BRA,1983,19.18807196090936,VAM / PBI,Brasil,América Latina
BRA,1984,19.341386815174427,VAM / PBI,Brasil,América Latina
BRA,1985,19.500723368112336,VAM / PBI,Brasil,América Latina
BRA,1986,20.06902085175925,VAM / PBI,Brasil,América Latina
BRA,1987,19.66574754530835,VAM / PBI,Brasil,América Latina
BRA,1988,19.027281309359783,VAM / PBI,Brasil,América Latina
BRA,1989,18.968002969416215,VAM / PBI,Brasil,América Latina
BRA,1990,17.981230423757196,VAM / PBI,Brasil,América Latina
BRA,1991,17.03838040539437,VAM / PBI,Brasil,América Latina
BRA,1992,16.175172966720584,VAM / PBI,Brasil,América Latina
BRA,1993,16.534978887964492,VAM / PBI,Brasil,América Latina
BRA,1994,15.82214571412959,VAM / PBI,Brasil,América Latina
BRA,1995,18.04676994930724,VAM / PBI,Brasil,América Latina
BRA,1996,17.710740950768447,VAM / PBI,Brasil,América Latina
BRA,1997,17.63892205421883,VAM / PBI,Brasil,América Latina
BRA,1998,16.680796885531972,VAM / PBI,Brasil,América Latina
BRA,1999,16.214261932170945,VAM / PBI,Brasil,América Latina
BRA,2000,16.48903218585102,VAM / PBI,Brasil,América Latina
BRA,2001,16.359133685652544,VAM / PBI,Brasil,América Latina
BRA,2002,16.124358036522047,VAM / PBI,Brasil,América Latina
BRA,2003,16.352566767826687,VAM / PBI,Brasil,América Latina
BRA,2004,16.882830928120196,VAM / PBI,Brasil,América Latina
BRA,2005,16.75642380008396,VAM / PBI,Brasil,América Latina
BRA,2006,16.360063805887595,VAM / PBI,Brasil,América Latina
BRA,2007,16.412964105041073,VAM / PBI,Brasil,América Latina
BRA,2008,16.330323096581754,VAM / PBI,Brasil,América Latina
BRA,2009,14.831854419108044,VAM / PBI,Brasil,América Latina
BRA,2010,15.13879633634783,VAM / PBI,Brasil,América Latina
BRA,2011,14.92049752790632,VAM / PBI,Brasil,América Latina
BRA,2012,14.334523514715427,VAM / PBI,Brasil,América Latina
BRA,2013,14.35368844953573,VAM / PBI,Brasil,América Latina
BRA,2014,13.618146187521875,VAM / PBI,Brasil,América Latina
BRA,2015,12.868100951430936,VAM / PBI,Brasil,América Latina
BRA,2016,12.620694299118144,VAM / PBI,Brasil,América Latina
BRA,2017,12.752234601252832,VAM / PBI,Brasil,América Latina
BRA,2018,12.706701835141208,VAM / PBI,Brasil,América Latina
BRA,2019,12.529942936183309,VAM / PBI,Brasil,América Latina
CHN,2004,23.954321093204623,VAM / PBI,China,Este asiático
CHN,2005,23.58437264501842,VAM / PBI,China,Este asiático
CHN,2006,23.71153304449063,VAM / PBI,China,Este asiático
CHN,2007,24.25067757738836,VAM / PBI,China,Este asiático
CHN,2008,24.234178055166094,VAM / PBI,China,Este asiático
CHN,2009,25.013945613224386,VAM / PBI,China,Este asiático
CHN,2010,25.18455444951326,VAM / PBI,China,Este asiático
CHN,2011,25.520630540648767,VAM / PBI,China,Este asiático
CHN,2012,25.94862688484087,VAM / PBI,China,Este asiático
CHN,2013,26.10859583007829,VAM / PBI,China,Este asiático
CHN,2014,26.516915275570625,VAM / PBI,China,Este asiático
CHN,2015,26.52249424556734,VAM / PBI,China,Este asiático
CHN,2016,26.385478292214277,VAM / PBI,China,Este asiático
CHN,2017,26.0953636987962,VAM / PBI,China,Este asiático
CHN,2018,25.933759623698712,VAM / PBI,China,Este asiático
CHN,2019,25.557258420247575,VAM / PBI,China,Este asiático
GBR,1970,14.107992048799938,VAM / PBI,Reino Unido,Desarrollados
GBR,1971,13.7548539601606,VAM / PBI,Reino Unido,Desarrollados
GBR,1972,13.57148343758946,VAM / PBI,Reino Unido,Desarrollados
GBR,1973,14.127255610078064,VAM / PBI,Reino Unido,Desarrollados
GBR,1974,14.034367976705456,VAM / PBI,Reino Unido,Desarrollados
GBR,1975,13.311686590302465,VAM / PBI,Reino Unido,Desarrollados
GBR,1976,13.418767972828165,VAM / PBI,Reino Unido,Desarrollados
GBR,1977,13.913289029939673,VAM / PBI,Reino Unido,Desarrollados
GBR,1978,13.773456976918457,VAM / PBI,Reino Unido,Desarrollados
GBR,1979,13.794356445015636,VAM / PBI,Reino Unido,Desarrollados
GBR,1980,13.499679671232867,VAM / PBI,Reino Unido,Desarrollados
GBR,1981,12.63252478345533,VAM / PBI,Reino Unido,Desarrollados
GBR,1982,12.143358471919251,VAM / PBI,Reino Unido,Desarrollados
GBR,1983,11.834147855974644,VAM / PBI,Reino Unido,Desarrollados
GBR,1984,11.87618158181701,VAM / PBI,Reino Unido,Desarrollados
GBR,1985,11.830179131122028,VAM / PBI,Reino Unido,Desarrollados
GBR,1986,11.480971328048389,VAM / PBI,Reino Unido,Desarrollados
GBR,1987,11.513649540077866,VAM / PBI,Reino Unido,Desarrollados
GBR,1988,11.761083828543669,VAM / PBI,Reino Unido,Desarrollados
GBR,1989,11.978300589453095,VAM / PBI,Reino Unido,Desarrollados
GBR,1990,11.788874844996448,VAM / PBI,Reino Unido,Desarrollados
GBR,1991,11.35480205543676,VAM / PBI,Reino Unido,Desarrollados
GBR,1992,11.172305301245816,VAM / PBI,Reino Unido,Desarrollados
GBR,1993,10.917746431145734,VAM / PBI,Reino Unido,Desarrollados
GBR,1994,10.947854610635977,VAM / PBI,Reino Unido,Desarrollados
GBR,1995,8.833596972178212,VAM / PBI,Reino Unido,Desarrollados
GBR,1996,8.670227426957668,VAM / PBI,Reino Unido,Desarrollados
GBR,1997,8.702349087100021,VAM / PBI,Reino Unido,Desarrollados
GBR,1998,8.852221972685868,VAM / PBI,Reino Unido,Desarrollados
GBR,1999,8.993403309280252,VAM / PBI,Reino Unido,Desarrollados
GBR,2000,9.038851827984253,VAM / PBI,Reino Unido,Desarrollados
GBR,2001,9.15808727631284,VAM / PBI,Reino Unido,Desarrollados
GBR,2002,9.353463750662009,VAM / PBI,Reino Unido,Desarrollados
GBR,2003,9.428837301930717,VAM / PBI,Reino Unido,Desarrollados
GBR,2004,9.420274207731218,VAM / PBI,Reino Unido,Desarrollados
GBR,2005,9.325248291389306,VAM / PBI,Reino Unido,Desarrollados
GBR,2006,9.839368985656517,VAM / PBI,Reino Unido,Desarrollados
GBR,2007,9.6530640778097,VAM / PBI,Reino Unido,Desarrollados
GBR,2008,9.817152643999043,VAM / PBI,Reino Unido,Desarrollados
GBR,2009,9.555344262326711,VAM / PBI,Reino Unido,Desarrollados
GBR,2010,9.242890241595338,VAM / PBI,Reino Unido,Desarrollados
GBR,2011,8.984986534821337,VAM / PBI,Reino Unido,Desarrollados
GBR,2012,9.087809976788737,VAM / PBI,Reino Unido,Desarrollados
GBR,2013,9.318455221387676,VAM / PBI,Reino Unido,Desarrollados
GBR,2014,9.29414206537988,VAM / PBI,Reino Unido,Desarrollados
GBR,2015,9.325153443111956,VAM / PBI,Reino Unido,Desarrollados
GBR,2016,9.01183659561683,VAM / PBI,Reino Unido,Desarrollados
GBR,2017,8.889040219682723,VAM / PBI,Reino Unido,Desarrollados
GBR,2018,9.180151266023506,VAM / PBI,Reino Unido,Desarrollados
GBR,2019,9.171661989608305,VAM / PBI,Reino Unido,Desarrollados
KOR,1970,7.275203342612083,VAM / PBI,Corea del Sur,Este asiático
KOR,1971,7.861912745209385,VAM / PBI,Corea del Sur,Este asiático
KOR,1972,8.525510549741227,VAM / PBI,Corea del Sur,Este asiático
KOR,1973,9.920978552572246,VAM / PBI,Corea del Sur,Este asiático
KOR,1974,10.714161119291882,VAM / PBI,Corea del Sur,Este asiático
KOR,1975,11.252104261086217,VAM / PBI,Corea del Sur,Este asiático
KOR,1976,12.425379892011302,VAM / PBI,Corea del Sur,Este asiático
KOR,1977,12.988400167636925,VAM / PBI,Corea del Sur,Este asiático
KOR,1978,14.618393740132976,VAM / PBI,Corea del Sur,Este asiático
KOR,1979,15.044996467219516,VAM / PBI,Corea del Sur,Este asiático
KOR,1980,14.714141093943331,VAM / PBI,Corea del Sur,Este asiático
KOR,1981,15.121797157850327,VAM / PBI,Corea del Sur,Este asiático
KOR,1982,14.606482051787431,VAM / PBI,Corea del Sur,Este asiático
KOR,1983,15.219723425715166,VAM / PBI,Corea del Sur,Este asiático
KOR,1984,16.805884257094558,VAM / PBI,Corea del Sur,Este asiático
KOR,1985,16.71212542350964,VAM / PBI,Corea del Sur,Este asiático
KOR,1986,17.73300214403093,VAM / PBI,Corea del Sur,Este asiático
KOR,1987,19.217233394484982,VAM / PBI,Corea del Sur,Este asiático
KOR,1988,19.656227856074324,VAM / PBI,Corea del Sur,Este asiático
KOR,1989,19.064945637091352,VAM / PBI,Corea del Sur,Este asiático
KOR,1990,19.233673380777326,VAM / PBI,Corea del Sur,Este asiático
KOR,1991,19.894885381330194,VAM / PBI,Corea del Sur,Este asiático
KOR,1992,19.936849145537682,VAM / PBI,Corea del Sur,Este asiático
KOR,1993,19.921025820514902,VAM / PBI,Corea del Sur,Este asiático
KOR,1994,20.525324779659822,VAM / PBI,Corea del Sur,Este asiático
KOR,1995,21.37539285040035,VAM / PBI,Corea del Sur,Este asiático
KOR,1996,21.627801483972668,VAM / PBI,Corea del Sur,Este asiático
KOR,1997,21.64614013838557,VAM / PBI,Corea del Sur,Este asiático
KOR,1998,21.033287990189045,VAM / PBI,Corea del Sur,Este asiático
KOR,1999,23.00890636096116,VAM / PBI,Corea del Sur,Este asiático
KOR,2000,24.72977990129704,VAM / PBI,Corea del Sur,Este asiático
KOR,2001,24.3834004010795,VAM / PBI,Corea del Sur,Este asiático
KOR,2002,24.791473591125467,VAM / PBI,Corea del Sur,Este asiático
KOR,2003,25.1115760066045,VAM / PBI,Corea del Sur,Este asiático
KOR,2004,26.333485788377594,VAM / PBI,Corea del Sur,Este asiático
KOR,2005,26.541869784667927,VAM / PBI,Corea del Sur,Este asiático
KOR,2006,27.17239116433002,VAM / PBI,Corea del Sur,Este asiático
KOR,2007,27.668222535202005,VAM / PBI,Corea del Sur,Este asiático
KOR,2008,27.701751515857417,VAM / PBI,Corea del Sur,Este asiático
KOR,2009,26.99430692055196,VAM / PBI,Corea del Sur,Este asiático
KOR,2010,28.886612423803232,VAM / PBI,Corea del Sur,Este asiático
KOR,2011,29.365115421750662,VAM / PBI,Corea del Sur,Este asiático
KOR,2012,29.146101746239378,VAM / PBI,Corea del Sur,Este asiático
KOR,2013,29.165280352859163,VAM / PBI,Corea del Sur,Este asiático
KOR,2014,29.23612145786735,VAM / PBI,Corea del Sur,Este asiático
KOR,2015,28.923802267655585,VAM / PBI,Corea del Sur,Este asiático
KOR,2016,28.623056371159215,VAM / PBI,Corea del Sur,Este asiático
KOR,2017,28.83658898827165,VAM / PBI,Corea del Sur,Este asiático
KOR,2018,28.85493973899962,VAM / PBI,Corea del Sur,Este asiático
KOR,2019,28.296424944614618,VAM / PBI,Corea del Sur,Este asiático
USA,1970,12.085410654044546,VAM / PBI,Estados Unidos,Desarrollados
USA,1971,12.033878886096936,VAM / PBI,Estados Unidos,Desarrollados
USA,1972,12.330393487430042,VAM / PBI,Estados Unidos,Desarrollados
USA,1973,12.831965487097232,VAM / PBI,Estados Unidos,Desarrollados
USA,1974,12.316245175890717,VAM / PBI,Estados Unidos,Desarrollados
USA,1975,11.711389829881828,VAM / PBI,Estados Unidos,Desarrollados
USA,1976,12.096137702285938,VAM / PBI,Estados Unidos,Desarrollados
USA,1977,12.093696773881637,VAM / PBI,Estados Unidos,Desarrollados
USA,1978,12.018772491244064,VAM / PBI,Estados Unidos,Desarrollados
USA,1979,11.800336041877552,VAM / PBI,Estados Unidos,Desarrollados
USA,1980,10.988411429346721,VAM / PBI,Estados Unidos,Desarrollados
USA,1981,11.175961909914268,VAM / PBI,Estados Unidos,Desarrollados
USA,1982,10.61860812611887,VAM / PBI,Estados Unidos,Desarrollados
USA,1983,10.693288692909443,VAM / PBI,Estados Unidos,Desarrollados
USA,1984,10.837602882358851,VAM / PBI,Estados Unidos,Desarrollados
USA,1985,10.732217211638996,VAM / PBI,Estados Unidos,Desarrollados
USA,1986,10.487754904392213,VAM / PBI,Estados Unidos,Desarrollados
USA,1987,10.884311508844307,VAM / PBI,Estados Unidos,Desarrollados
USA,1988,11.120481992600324,VAM / PBI,Estados Unidos,Desarrollados
USA,1989,10.779102455524674,VAM / PBI,Estados Unidos,Desarrollados
USA,1990,10.509372106083388,VAM / PBI,Estados Unidos,Desarrollados
USA,1991,10.173405416639989,VAM / PBI,Estados Unidos,Desarrollados
USA,1992,10.14185363203585,VAM / PBI,Estados Unidos,Desarrollados
USA,1993,10.291410861122428,VAM / PBI,Estados Unidos,Desarrollados
USA,1994,10.671410066891767,VAM / PBI,Estados Unidos,Desarrollados
USA,1995,11.043587281839923,VAM / PBI,Estados Unidos,Desarrollados
USA,1996,10.921967097973663,VAM / PBI,Estados Unidos,Desarrollados
USA,1997,11.004994952180548,VAM / PBI,Estados Unidos,Desarrollados
USA,1998,11.025558387329177,VAM / PBI,Estados Unidos,Desarrollados
USA,1999,11.171520492165572,VAM / PBI,Estados Unidos,Desarrollados
USA,2000,11.521140773357471,VAM / PBI,Estados Unidos,Desarrollados
USA,2001,10.975873525341578,VAM / PBI,Estados Unidos,Desarrollados
USA,2002,10.895244577634024,VAM / PBI,Estados Unidos,Desarrollados
USA,2003,11.234269694791431,VAM / PBI,Estados Unidos,Desarrollados
USA,2004,11.615349623819933,VAM / PBI,Estados Unidos,Desarrollados
USA,2005,11.590698523853014,VAM / PBI,Estados Unidos,Desarrollados
USA,2006,11.926876448956945,VAM / PBI,Estados Unidos,Desarrollados
USA,2007,12.140757339704946,VAM / PBI,Estados Unidos,Desarrollados
USA,2008,11.885214917524364,VAM / PBI,Estados Unidos,Desarrollados
USA,2009,11.071751853282892,VAM / PBI,Estados Unidos,Desarrollados
USA,2010,11.436921237324148,VAM / PBI,Estados Unidos,Desarrollados
USA,2011,11.336466950715952,VAM / PBI,Estados Unidos,Desarrollados
USA,2012,11.041360182116167,VAM / PBI,Estados Unidos,Desarrollados
USA,2013,11.19296807287767,VAM / PBI,Estados Unidos,Desarrollados
USA,2014,11.116431626963863,VAM / PBI,Estados Unidos,Desarrollados
USA,2015,10.937709878372393,VAM / PBI,Estados Unidos,Desarrollados
USA,2016,10.727734776136149,VAM / PBI,Estados Unidos,Desarrollados
USA,2017,10.315521832581029,VAM / PBI,Estados Unidos,Desarrollados
USA,2018,10.508413120749712,VAM / PBI,Estados Unidos,Desarrollados
USA,2019,10.298861060475561,VAM / PBI,Estados Unidos,Desarrollados
