fecha,valor
2003-01-02,797
2003-01-03,805
2003-01-06,804
2003-01-07,804
2003-01-08,814
2003-01-09,816
2003-01-10,818
2003-01-13,819
2003-01-14,826
2003-01-15,822
2003-01-16,832
2003-01-17,832
2003-01-20,825
2003-01-21,841
2003-01-22,855
2003-01-23,860
2003-01-24,870
2003-01-27,869
2003-01-28,867
2003-01-29,865
2003-01-30,867
2003-01-31,874
2003-02-03,870
2003-02-04,878
2003-02-05,877
2003-02-06,879
2003-02-07,879
2003-02-10,874
2003-02-11,879
2003-02-12,890
2003-02-13,887
2003-02-14,887
2003-02-17,892
2003-02-18,927
2003-02-19,932
2003-02-20,940
2003-02-21,943
2003-02-24,944
2003-02-25,937
2003-02-26,930
2003-02-27,945
2003-02-28,1000
2003-03-03,957
2003-03-04,959
2003-03-05,957
2003-03-06,965
2003-03-07,968
2003-03-10,968
2003-03-11,983
2003-03-12,978
2003-03-13,982
2003-03-14,985
2003-03-17,984
2003-03-18,1041
2003-03-19,1040
2003-03-20,1048
2003-03-21,1050
2003-03-24,1040
2003-03-25,1023
2003-03-26,1015
2003-03-27,1011
2003-03-28,1033
2003-04-01,1018
2003-04-02,1018
2003-04-03,1024
2003-04-04,1030
2003-04-07,1032
2003-04-08,1026
2003-04-09,1043
2003-04-10,1044
2003-04-11,1047
2003-04-14,1053
2003-04-15,1054
2003-04-16,1066
2003-04-21,1069
2003-04-22,1075
2003-04-23,1070
2003-04-24,1066
2003-04-25,1063
2003-04-28,1065
2003-04-29,1064
2003-04-30,1092
2003-05-02,1064
2003-05-05,1067
2003-05-06,1070
2003-05-07,1139
2003-05-08,1166
2003-05-09,1163
2003-05-12,1169
2003-05-13,1164
2003-05-14,1163
2003-05-15,1206
2003-05-16,1177
2003-05-19,1185
2003-05-20,1185
2003-05-21,1187
2003-05-22,1187
2003-05-23,1220
2003-05-26,1231
2003-05-27,1239
2003-05-28,1231
2003-05-29,1205
2003-05-30,1243
2003-06-02,1230
2003-06-03,1248
2003-06-04,1260
2003-06-05,1259
2003-06-06,1264
2003-06-09,1267
2003-06-10,1280
2003-06-11,1285
2003-06-12,1283
2003-06-13,1286
2003-06-17,1297
2003-06-18,1301
2003-06-19,1304
2003-06-20,1321
2003-06-23,1318
2003-06-24,1323
2003-06-25,1320
2003-06-26,1321
2003-06-27,1335
2003-06-30,1338
2003-07-01,1331
2003-07-02,1334
2003-07-03,1337
2003-07-04,1346
2003-07-07,1363
2003-07-08,1363
2003-07-10,1377
2003-07-11,1377
2003-07-14,1360
2003-07-15,1362
2003-07-16,1366
2003-07-17,1376
2003-07-18,1384
2003-07-21,1386
2003-07-22,1387
2003-07-23,1391
2003-07-24,1393
2003-07-25,1394
2003-07-28,1395
2003-07-29,1417
2003-07-30,1420
2003-07-31,1424
2003-08-01,1428
2003-08-04,1424
2003-08-05,1430
2003-08-06,1436
2003-08-07,1462
2003-08-08,1477
2003-08-11,1470
2003-08-12,1472
2003-08-13,1486
2003-08-14,1479
2003-08-15,1499
2003-08-19,1516
2003-08-20,1517
2003-08-21,1519
2003-08-22,1515
2003-08-25,1519
2003-08-26,1520
2003-08-27,1509
2003-08-28,1522
2003-08-29,1527
2003-09-01,1523
2003-09-02,1526
2003-09-03,1525
2003-09-04,1531
2003-09-05,1536
2003-09-08,1552
2003-09-09,1558
2003-09-10,1563
2003-09-11,1597
2003-09-12,1585
2003-09-15,1573
2003-09-16,1577
2003-09-17,1581
2003-09-18,1590
2003-09-19,1599
2003-09-22,1610
2003-09-23,1630
2003-09-24,1639
2003-09-25,1630
2003-09-26,1632
2003-09-29,1638
2003-09-30,1629
2003-10-01,1632
2003-10-02,1638
2003-10-03,1635
2003-10-06,1633
2003-10-07,1667
2003-10-08,1661
2003-10-09,1681
2003-10-10,1674
2003-10-14,1679
2003-10-15,1682
2003-10-16,1682
2003-10-17,1680
2003-10-20,1685
2003-10-21,1687
2003-10-22,1691
2003-10-23,1691
2003-10-24,1690
2003-10-27,1692
2003-10-28,1692
2003-10-29,1690
2003-10-30,1678
2003-10-31,1691
2003-11-03,1694
2003-11-04,1694
2003-11-05,1692
2003-11-07,1682
2003-11-10,1711
2003-11-11,1711
2003-11-12,1709
2003-11-13,1709
2003-11-14,1747
2003-11-17,1743
2003-11-18,1751
2003-11-19,1749
2003-11-20,1747
2003-11-21,1754
2003-11-24,1753
2003-11-25,1755
2003-11-26,1752
2003-11-27,1778
2003-11-28,1858
2003-12-01,1867
2003-12-02,1858
2003-12-03,1851
2003-12-04,1854
2003-12-05,1851
2003-12-09,1858
2003-12-10,1852
2003-12-11,1849
2003-12-12,1861
2003-12-15,1879
2003-12-16,1903
2003-12-17,1894
2003-12-18,1918
2003-12-19,1926
2003-12-22,1935
2003-12-23,1929
2003-12-24,1920
2003-12-26,1924
2003-12-29,1931
2003-12-30,1935
2003-12-31,1946
2004-01-02,1990
2004-01-05,2004
2004-01-06,2017
2004-01-07,2023
2004-01-08,2011
2004-01-09,2039
2004-01-12,2017
2004-01-13,2034
2004-01-14,2033
2004-01-15,2041
2004-01-16,2041
2004-01-19,2043
2004-01-20,2046
2004-01-21,2057
2004-01-22,2057
2004-01-23,2063
2004-01-26,2067
2004-01-27,2069
2004-01-28,2075
2004-01-29,2080
2004-01-30,2077
2004-02-02,2071
2004-02-03,2077
2004-02-04,2081
2004-02-05,2083
2004-02-06,2084
2004-02-09,2084
2004-02-10,2085
2004-02-11,2091
2004-02-12,2108
2004-02-13,2104
2004-02-16,2106
2004-02-17,2109
2004-02-18,2104
2004-02-19,2116
2004-02-20,2118
2004-02-23,2115
2004-02-24,2116
2004-02-25,2127
2004-02-26,2116
2004-02-27,2137
2004-03-01,2134
2004-03-02,2146
2004-03-03,2147
2004-03-04,2147
2004-03-05,2151
2004-03-08,2085
2004-03-09,2082
2004-03-10,2086
2004-03-11,2087
2004-03-12,2080
2004-03-15,2101
2004-03-16,2102
2004-03-17,2105
2004-03-18,2105
2004-03-19,2118
2004-03-22,2116
2004-03-23,2123
2004-03-24,2137
2004-03-25,2126
2004-03-26,2146
2004-03-29,2172
2004-03-30,2262
2004-03-31,2284
2004-04-01,2288
2004-04-02,2300
2004-04-06,2351
2004-04-07,2354
2004-04-12,2370
2004-04-13,2362
2004-04-14,2400
2004-04-15,2414
2004-04-16,2437
2004-04-19,2445
2004-04-20,2455
2004-04-21,2455
2004-04-22,2459
2004-04-23,2462
2004-04-26,2463
2004-04-27,2464
2004-04-28,2478
2004-04-29,2480
2004-04-30,2477
2004-05-03,2496
2004-05-04,2552
2004-05-05,2636
2004-05-06,2693
2004-05-07,2727
2004-05-10,2745
2004-05-11,2774
2004-05-12,2819
2004-05-13,2840
2004-05-14,2870
2004-05-17,2877
2004-05-18,2892
2004-05-19,2919
2004-05-20,2940
2004-05-21,2968
2004-05-24,2993
2004-05-26,3046
2004-05-27,3083
2004-05-28,3133
2004-05-31,3133
2004-06-01,3136
2004-06-02,3151
2004-06-03,3169
2004-06-04,3197
2004-06-07,3221
2004-06-08,3231
2004-06-09,3265
2004-06-10,3290
2004-06-11,3312
2004-06-14,3336
2004-06-15,3372
2004-06-16,3381
2004-06-17,3393
2004-06-18,3388
2004-06-22,3463
2004-06-23,3474
2004-06-24,3477
2004-06-25,3428
2004-06-28,3501
2004-06-29,3519
2004-06-30,3559
2004-07-01,3556
2004-07-02,3565
2004-07-05,3565
2004-07-06,3585
2004-07-07,3619
2004-07-08,3622
2004-07-12,3647
2004-07-13,3645
2004-07-14,3632
2004-07-15,3647
2004-07-16,3679
2004-07-19,3684
2004-07-20,3702
2004-07-21,3651
2004-07-22,3739
2004-07-23,3740
2004-07-26,3743
2004-07-27,3737
2004-07-28,3726
2004-07-29,3734
2004-07-30,3735
2004-08-02,3736
2004-08-03,3723
2004-08-04,3732
2004-08-05,3762
2004-08-06,3767
2004-08-09,3764
2004-08-10,3775
2004-08-11,3769
2004-08-12,3778
2004-08-13,3773
2004-08-17,3780
2004-08-18,3781
2004-08-19,3785
2004-08-20,3785
2004-08-23,3794
2004-08-24,3804
2004-08-25,3803
2004-08-26,3802
2004-08-27,3808
2004-08-30,3802
2004-08-31,3820
2004-09-01,3809
2004-09-02,3812
2004-09-03,3836
2004-09-06,3846
2004-09-07,3859
2004-09-08,3847
2004-09-09,3847
2004-09-10,3857
2004-09-13,3838
2004-09-14,3866
2004-09-15,3736
2004-09-16,3849
2004-09-17,3845
2004-09-20,3743
2004-09-21,3742
2004-09-22,3760
2004-09-23,3748
2004-09-24,3762
2004-09-27,3769
2004-09-28,3761
2004-09-29,3767
2004-09-30,3787
2004-10-01,3774
2004-10-04,3784
2004-10-05,3788
2004-10-06,3794
2004-10-07,3799
2004-10-08,3817
2004-10-12,3809
2004-10-13,3806
2004-10-14,3846
2004-10-15,3850
2004-10-18,3831
2004-10-19,3828
2004-10-20,3829
2004-10-21,3839
2004-10-22,3837
2004-10-25,3843
2004-10-26,3845
2004-10-27,3842
2004-10-28,3833
2004-10-29,3865
2004-11-01,3858
2004-11-02,3857
2004-11-03,3868
2004-11-04,3869
2004-11-05,3859
2004-11-08,3859
2004-11-09,3860
2004-11-10,3869
2004-11-11,3864
2004-11-12,3890
2004-11-15,3893
2004-11-16,3892
2004-11-17,3903
2004-11-18,3876
2004-11-19,3898
2004-11-22,3902
2004-11-23,3913
2004-11-24,3902
2004-11-25,3901
2004-11-26,3896
2004-11-29,3907
2004-11-30,3911
2004-12-01,3908
2004-12-02,3905
2004-12-03,3893
2004-12-06,3927
2004-12-07,3923
2004-12-09,3928
2004-12-10,3929
2004-12-13,3932
2004-12-14,3938
2004-12-15,3935
2004-12-16,3951
2004-12-17,3942
2004-12-20,3958
2004-12-21,3959
2004-12-22,3966
2004-12-23,3972
2004-12-24,3979
2004-12-27,3974
2004-12-28,3983
2004-12-29,3975
2004-12-30,3970
2004-12-31,3981
2005-01-03,3966
2005-01-04,3963
2005-01-05,3965
2005-01-06,3970
2005-01-07,3998
2005-01-10,3994
2005-01-11,3997
2005-01-12,3994
2005-01-13,4001
2005-01-14,4010
2005-01-17,4017
2005-01-18,4018
2005-01-19,4044
2005-01-20,4078
2005-01-21,4110
2005-01-24,4128
2005-01-25,4149
2005-01-26,4167
2005-01-27,4203
2005-01-28,4234
2005-01-31,3965
2005-02-01,3958
2005-02-02,4010
2005-02-03,4041
2005-02-04,4074
2005-02-07,4111
2005-02-08,4144
2005-02-09,4157
2005-02-10,4185
2005-02-11,4221
2005-02-14,4274
2005-02-15,4301
2005-02-16,4364
2005-02-17,4458
2005-02-18,4526
2005-02-21,4178
2005-02-22,4249
2005-02-23,4287
2005-02-24,4350
2005-02-25,4397
2005-02-28,4479
2005-03-01,4484
2005-03-02,4517
2005-03-03,4577
2005-03-04,4588
2005-03-07,4633
2005-03-08,4321
2005-03-09,4328
2005-03-10,4327
2005-03-11,4341
2005-03-14,4286
2005-03-15,4312
2005-03-16,4331
2005-03-17,3881
2005-03-18,3940
2005-03-21,3931
2005-03-22,3955
2005-03-23,3960
2005-03-28,3958
2005-03-29,3969
2005-03-30,3358
2005-03-31,3422
2005-04-01,3415
2005-04-04,3415
2005-04-05,3427
2005-04-06,3438
2005-04-07,3499
2005-04-08,3557
2005-04-11,3594
2005-04-12,3587
2005-04-13,3598
2005-04-14,3652
2005-04-15,3718
2005-04-18,3716
2005-04-19,3745
2005-04-20,3802
2005-04-21,3829
2005-04-22,3865
2005-04-25,3862
2005-04-26,3874
2005-04-27,3901
2005-04-28,3937
2005-04-29,4020
2005-05-02,3917
2005-05-03,3993
2005-05-04,4071
2005-05-05,4184
2005-05-06,4267
2005-05-09,4311
2005-05-10,4338
2005-05-11,4353
2005-05-12,4370
2005-05-13,4261
2005-05-16,4266
2005-05-17,4269
2005-05-18,4301
2005-05-19,4318
2005-05-20,4168
2005-05-23,4205
2005-05-24,3642
2005-05-26,3676
2005-05-27,3664
2005-05-30,3667
2005-05-31,3765
2005-06-01,3806
2005-06-02,3846
2005-06-03,3898
2005-06-06,3952
2005-06-07,4010
2005-06-08,3751
2005-06-09,3787
2005-06-10,3826
2005-06-13,3847
2005-06-14,3897
2005-06-15,3938
2005-06-16,3649
2005-06-17,3665
2005-06-21,3662
2005-06-22,3688
2005-06-23,3701
2005-06-24,3709
2005-06-27,3703
2005-06-28,3722
2005-06-29,3748
2005-06-30,3752
2005-07-01,3763
2005-07-04,3771
2005-07-05,3754
2005-07-06,3757
2005-07-07,3756
2005-07-08,3747
2005-07-11,3774
2005-07-12,3783
2005-07-13,3784
2005-07-14,3789
2005-07-15,3792
2005-07-18,3791
2005-07-19,3786
2005-07-20,3791
2005-07-21,3794
2005-07-22,3790
2005-07-25,3804
2005-07-26,3799
2005-07-27,3797
2005-07-28,3792
2005-07-29,3802
2005-08-01,3673
2005-08-02,3684
2005-08-03,3745
2005-08-04,3835
2005-08-05,3848
2005-08-08,3878
2005-08-09,3911
2005-08-10,3919
2005-08-11,3932
2005-08-12,3923
2005-08-16,3916
2005-08-17,3929
2005-08-18,3909
2005-08-19,3894
2005-08-22,3899
2005-08-23,3902
2005-08-24,3922
2005-08-25,3918
2005-08-26,3920
2005-08-29,3920
2005-08-30,3875
2005-08-31,3940
2005-09-01,3921
2005-09-02,3913
2005-09-05,3929
2005-09-06,3924
2005-09-07,3932
2005-09-08,3933
2005-09-09,3932
2005-09-12,3934
2005-09-13,3943
2005-09-14,3939
2005-09-15,3924
2005-09-16,3928
2005-09-19,3931
2005-09-20,3931
2005-09-21,3935
2005-09-22,3922
2005-09-23,3931
2005-09-26,3923
2005-09-27,3926
2005-09-28,3943
2005-09-29,3939
2005-09-30,3936
2005-10-03,3922
2005-10-04,3927
2005-10-05,3955
2005-10-06,3950
2005-10-07,3947
2005-10-11,3955
2005-10-12,3896
2005-10-13,3883
2005-10-14,3885
2005-10-17,3862
2005-10-18,3867
2005-10-19,3879
2005-10-20,3872
2005-10-21,3860
2005-10-24,3873
2005-10-25,3867
2005-10-26,3867
2005-10-27,3866
2005-10-28,3882
2005-10-31,3872
2005-11-01,3865
2005-11-02,3873
2005-11-03,3887
2005-11-04,3875
2005-11-07,3891
2005-11-08,3872
2005-11-09,3893
2005-11-10,3889
2005-11-11,3896
2005-11-14,3904
2005-11-15,3911
2005-11-16,3907
2005-11-17,3909
2005-11-18,3922
2005-11-21,3929
2005-11-22,3931
2005-11-23,3951
2005-11-24,3947
2005-11-25,3950
2005-11-28,3952
2005-11-29,3948
2005-11-30,3968
2005-12-01,3962
2005-12-02,3964
2005-12-05,3980
2005-12-06,3979
2005-12-07,3972
2005-12-09,3980
2005-12-12,3976
2005-12-13,3984
2005-12-14,3972
2005-12-15,4011
2005-12-16,4009
2005-12-19,4026
2005-12-20,4021
2005-12-21,4022
2005-12-22,4019
2005-12-23,4050
2005-12-26,4050
2005-12-27,4049
2005-12-28,4062
2005-12-29,4072
2005-12-30,4075
2006-01-02,4067
2006-01-03,4076
2006-01-04,4073
2006-01-05,4075
2006-01-06,4082
2006-01-09,4091
2006-01-10,4087
2006-01-11,4093
2006-01-12,4092
2006-01-13,4097
2006-01-16,4115
2006-01-17,4136
2006-01-18,4132
2006-01-19,4148
2006-01-20,4159
2006-01-23,4153
2006-01-24,4147
2006-01-25,4153
2006-01-26,4156
2006-01-27,4160
2006-01-30,4167
2006-01-31,4166
2006-02-01,4170
2006-02-02,4162
2006-02-03,4201
2006-02-06,4212
2006-02-07,4235
2006-02-08,4260
2006-02-09,4285
2006-02-10,4306
2006-02-13,4312
2006-02-14,4333
2006-02-15,4364
2006-02-16,4386
2006-02-17,4441
2006-02-20,4381
2006-02-21,4365
2006-02-22,4370
2006-02-23,4376
2006-02-24,4370
2006-02-27,4370
2006-02-28,4371
2006-03-01,4377
2006-03-02,4373
2006-03-03,4364
2006-03-06,4367
2006-03-07,4367
2006-03-08,4393
2006-03-09,4404
2006-03-10,4411
2006-03-13,4414
2006-03-14,4418
2006-03-15,4435
2006-03-16,4439
2006-03-17,4433
2006-03-20,4452
2006-03-21,4469
2006-03-22,4484
2006-03-23,4508
2006-03-27,4530
2006-03-28,4534
2006-03-29,4546
2006-03-30,4545
2006-03-31,4622
2006-04-03,4594
2006-04-04,4619
2006-04-05,4621
2006-04-06,4636
2006-04-07,4654
2006-04-10,4675
2006-04-11,4681
2006-04-12,4713
2006-04-17,4720
2006-04-18,4735
2006-04-19,4736
2006-04-20,4719
2006-04-21,4727
2006-04-24,4734
2006-04-25,4745
2006-04-26,4738
2006-04-27,4746
2006-04-28,4777
2006-05-02,4790
2006-05-03,4796
2006-05-04,4849
2006-05-05,4844
2006-05-08,4869
2006-05-09,4875
2006-05-10,4898
2006-05-11,4897
2006-05-12,4900
2006-05-15,4914
2006-05-16,4923
2006-05-17,4925
2006-05-18,4931
2006-05-19,4950
2006-05-22,4956
2006-05-23,4947
2006-05-24,4950
2006-05-26,4950
2006-05-29,4968
2006-05-30,4965
2006-05-31,4965
2006-06-01,4952
2006-06-02,4969
2006-06-05,4984
2006-06-06,4980
2006-06-07,4989
2006-06-08,4993
2006-06-09,4980
2006-06-12,5004
2006-06-13,4984
2006-06-14,5002
2006-06-15,5061
2006-06-16,5060
2006-06-20,5073
2006-06-21,5079
2006-06-22,5080
2006-06-23,5082
2006-06-26,5062
2006-06-27,5076
2006-06-28,5074
2006-06-29,5080
2006-06-30,5115
2006-07-03,5094
2006-07-04,5158
2006-07-05,5092
2006-07-06,5103
2006-07-07,5178
2006-07-10,5122
2006-07-11,5123
2006-07-12,5127
2006-07-13,5211
2006-07-14,5199
2006-07-17,5213
2006-07-18,5230
2006-07-19,5227
2006-07-20,5234
2006-07-21,5240
2006-07-24,5248
2006-07-25,5273
2006-07-26,5275
2006-07-27,5277
2006-07-28,5263
2006-07-31,5265
2006-08-01,5252
2006-08-02,5263
2006-08-03,5042
2006-08-04,5149
2006-08-07,5146
2006-08-08,5217
2006-08-09,5238
2006-08-10,5210
2006-08-11,5210
2006-08-14,5221
2006-08-15,5216
2006-08-16,5181
2006-08-17,5166
2006-08-18,5170
2006-08-22,5187
2006-08-23,5178
2006-08-24,5186
2006-08-25,5204
2006-08-28,5218
2006-08-29,5237
2006-08-30,5249
2006-08-31,5261
2006-09-01,5269
2006-09-04,5274
2006-09-05,5271
2006-09-06,5287
2006-09-07,5278
2006-09-08,5291
2006-09-11,5298
2006-09-12,5312
2006-09-13,5315
2006-09-14,5296
2006-09-15,5297
2006-09-18,5290
2006-09-19,5309
2006-09-20,5308
2006-09-21,5331
2006-09-22,5356
2006-09-25,5359
2006-09-26,5377
2006-09-27,5379
2006-09-28,5405
2006-09-29,5396
2006-10-02,5404
2006-10-03,5418
2006-10-04,5422
2006-10-05,5447
2006-10-06,5422
2006-10-09,5436
2006-10-10,5451
2006-10-11,5446
2006-10-12,5472
2006-10-13,5477
2006-10-17,5450
2006-10-18,5444
2006-10-19,5441
2006-10-20,5454
2006-10-23,5457
2006-10-24,5458
2006-10-25,5479
2006-10-26,5432
2006-10-27,5509
2006-10-30,5517
2006-10-31,5540
2006-11-01,5515
2006-11-02,5535
2006-11-03,5528
2006-11-07,5523
2006-11-08,5542
2006-11-09,5540
2006-11-10,5554
2006-11-13,5572
2006-11-14,5555
2006-11-15,5547
2006-11-16,5556
2006-11-17,5575
2006-11-20,5577
2006-11-21,5565
2006-11-22,5570
2006-11-23,5586
2006-11-24,5582
2006-11-27,5538
2006-11-28,5513
2006-11-29,5488
2006-11-30,5493
2006-12-01,5492
2006-12-04,5498
2006-12-05,5487
2006-12-06,5464
2006-12-07,5488
2006-12-11,5510
2006-12-12,5520
2006-12-13,5515
2006-12-14,5515
2006-12-15,5525
2006-12-18,5542
2006-12-19,5543
2006-12-20,5542
2006-12-21,5526
2006-12-22,5538
2006-12-26,5536
2006-12-27,5527
2006-12-28,5524
2006-12-29,5522
2007-01-02,5528
2007-01-03,5505
2007-01-04,5537
2007-01-05,5519
2007-01-08,5532
2007-01-09,5524
2007-01-10,5555
2007-01-11,5554
2007-01-12,5563
2007-01-15,5585
2007-01-16,5579
2007-01-17,5582
2007-01-18,5591
2007-01-19,5597
2007-01-22,5596
2007-01-23,5580
2007-01-24,5582
2007-01-25,5580
2007-01-26,5631
2007-01-29,5632
2007-01-30,5646
2007-01-31,5687
2007-02-01,5729
2007-02-02,5718
2007-02-05,5757
2007-02-06,5768
2007-02-07,5756
2007-02-08,5772
2007-02-09,5747
2007-02-12,5654
2007-02-13,5674
2007-02-14,5680
2007-02-15,5653
2007-02-16,5656
2007-02-19,5666
2007-02-20,5659
2007-02-21,5673
2007-02-22,5684
2007-02-23,5673
2007-02-26,5679
2007-02-27,5664
2007-02-28,5674
2007-03-01,5652
2007-03-02,5662
2007-03-05,5670
2007-03-06,5658
2007-03-07,5663
2007-03-08,5661
2007-03-09,5673
2007-03-12,5666
2007-03-13,5659
2007-03-14,5650
2007-03-15,5683
2007-03-16,5664
2007-03-19,5688
2007-03-20,5696
2007-03-21,5698
2007-03-22,5700
2007-03-23,5694
2007-03-26,5701
2007-03-27,5704
2007-03-28,5698
2007-03-29,5698
2007-03-30,5711
2007-04-03,5705
2007-04-04,5701
2007-04-09,5709
2007-04-10,5700
2007-04-11,5711
2007-04-12,5714
2007-04-13,5733
2007-04-16,5733
2007-04-17,5734
2007-04-18,5743
2007-04-19,5740
2007-04-20,5749
2007-04-23,5779
2007-04-24,5788
2007-04-25,5794
2007-04-26,5781
2007-04-27,5785
2007-04-30,5841
2007-05-02,5919
2007-05-03,5930
2007-05-04,5921
2007-05-07,5928
2007-05-08,5949
2007-05-09,5980
2007-05-10,5959
2007-05-11,5960
2007-05-14,5990
2007-05-15,6069
2007-05-16,6060
2007-05-17,6073
2007-05-18,6039
2007-05-21,5945
2007-05-22,5914
2007-05-23,5928
2007-05-24,5923
2007-05-28,5942
2007-05-29,5939
2007-05-30,5933
2007-05-31,5945
2007-06-01,5925
2007-06-04,5921
2007-06-05,5917
2007-06-06,5934
2007-06-07,5928
2007-06-08,5918
2007-06-11,5904
2007-06-12,5870
2007-06-13,5835
2007-06-14,5863
2007-06-15,5842
2007-06-19,5859
2007-06-20,5855
2007-06-21,5842
2007-06-22,5870
2007-06-25,5870
2007-06-26,5865
2007-06-27,5877
2007-06-28,5873
2007-06-29,5860
2007-07-02,5886
2007-07-03,5937
2007-07-04,5945
2007-07-05,5913
2007-07-06,5928
2007-07-10,5946
2007-07-11,5974
2007-07-12,5976
2007-07-13,5985
2007-07-16,5977
2007-07-17,5980
2007-07-18,5988
2007-07-19,5998
2007-07-20,5999
2007-07-23,6007
2007-07-24,6017
2007-07-25,6038
2007-07-26,6063
2007-07-27,6095
2007-07-30,6117
2007-07-31,6104
2007-08-01,6097
2007-08-02,6125
2007-08-03,6204
2007-08-06,6264
2007-08-07,6298
2007-08-08,6280
2007-08-09,6287
2007-08-10,6365
2007-08-13,6369
2007-08-14,6379
2007-08-15,6410
2007-08-16,6407
2007-08-17,6459
2007-08-21,6469
2007-08-22,6491
2007-08-23,6500
2007-08-24,6509
2007-08-27,6538
2007-08-28,6553
2007-08-29,6563
2007-08-30,6590
2007-08-31,6637
2007-09-03,6668
2007-09-04,6656
2007-09-05,6662
2007-09-06,6680
2007-09-07,6684
2007-09-10,6708
2007-09-11,6715
2007-09-12,6734
2007-09-13,6725
2007-09-14,6737
2007-09-17,6770
2007-09-18,6768
2007-09-19,6778
2007-09-20,6780
2007-09-21,6784
2007-09-24,6802
2007-09-25,6809
2007-09-26,6810
2007-09-27,6821
2007-09-28,6827
2007-10-01,6846
2007-10-02,6835
2007-10-03,6847
2007-10-04,6833
2007-10-05,6886
2007-10-08,6913
2007-10-09,6910
2007-10-10,6928
2007-10-11,6925
2007-10-12,6928
2007-10-16,6925
2007-10-17,6928
2007-10-18,6920
2007-10-19,6974
2007-10-22,6978
2007-10-23,6985
2007-10-24,7035
2007-10-25,7032
2007-10-26,7060
2007-10-29,7072
2007-10-30,7070
2007-10-31,7044
2007-11-01,7062
2007-11-02,7094
2007-11-05,7101
2007-11-07,7116
2007-11-08,7119
2007-11-09,7137
2007-11-12,7141
2007-11-13,7139
2007-11-14,7136
2007-11-15,7135
2007-11-16,7132
2007-11-19,7157
2007-11-20,7164
2007-11-21,7151
2007-11-22,7160
2007-11-23,7198
2007-11-26,7219
2007-11-27,7245
2007-11-28,7237
2007-11-29,7211
2007-11-30,7206
2007-12-03,7222
2007-12-04,7156
2007-12-05,7240
2007-12-06,7221
2007-12-07,7229
2007-12-10,7198
2007-12-11,7181
2007-12-12,7244
2007-12-13,7237
2007-12-14,7264
2007-12-17,7284
2007-12-18,7308
2007-12-19,7314
2007-12-20,7287
2007-12-21,7316
2007-12-26,7314
2007-12-27,7338
2007-12-28,7344
2008-01-02,7362
2008-01-03,7367
2008-01-04,7365
2008-01-07,7503
2008-01-08,7506
2008-01-09,7532
2008-01-10,7544
2008-01-11,7532
2008-01-14,7556
2008-01-15,7551
2008-01-16,7550
2008-01-17,7529
2008-01-18,7557
2008-01-21,7567
2008-01-22,7557
2008-01-23,7555
2008-01-24,7535
2008-01-25,7529
2008-01-28,7520
2008-01-29,7510
2008-01-30,7490
2008-01-31,7487
2008-02-01,7500
2008-02-04,7507
2008-02-05,7554
2008-02-06,7565
2008-02-07,7571
2008-02-08,7571
2008-02-11,7557
2008-02-12,7576
2008-02-13,7578
2008-02-14,7571
2008-02-15,7578
2008-02-18,7574
2008-02-19,7578
2008-02-20,7574
2008-02-21,7546
2008-02-22,7555
2008-02-25,7553
2008-02-26,7551
2008-02-27,7560
2008-02-28,7574
2008-02-29,7573
2008-03-03,7584
2008-03-04,7587
2008-03-05,7576
2008-03-06,7571
2008-03-07,7580
2008-03-10,7596
2008-03-11,7588
2008-03-12,7599
2008-03-13,7616
2008-03-14,7630
2008-03-17,7630
2008-03-18,7596
2008-03-19,7588
2008-03-25,7570
2008-03-26,7572
2008-03-27,7873
2008-03-28,7871
2008-03-31,7881
2008-04-01,7877
2008-04-03,7874
2008-04-04,7882
2008-04-07,7906
2008-04-08,7900
2008-04-09,7917
2008-04-10,7902
2008-04-11,7892
2008-04-14,7877
2008-04-15,7870
2008-04-16,7867
2008-04-17,7877
2008-04-18,7889
2008-04-21,7897
2008-04-22,7932
2008-04-23,7936
2008-04-24,7959
2008-04-25,7979
2008-04-28,8065
2008-04-29,8069
2008-04-30,8067
2008-05-02,8119
2008-05-05,8191
2008-05-06,8200
2008-05-07,8226
2008-05-08,8215
2008-05-09,8184
2008-05-12,8166
2008-05-13,8105
2008-05-14,8085
2008-05-15,8027
2008-05-16,7981
2008-05-19,7976
2008-05-20,7962
2008-05-21,7956
2008-05-22,7995
2008-05-23,8003
2008-05-26,7981
2008-05-27,7979
2008-05-28,7964
2008-05-29,7993
2008-05-30,8018
2008-06-02,8098
2008-06-03,8098
2008-06-04,8101
2008-06-05,8119
2008-06-06,8129
2008-06-09,8136
2008-06-10,8113
2008-06-11,8126
2008-06-12,8115
2008-06-13,8104
2008-06-17,8092
2008-06-18,8069
2008-06-19,8081
2008-06-20,8105
2008-06-23,8124
2008-06-24,8102
2008-06-25,8122
2008-06-26,8086
2008-06-27,8117
2008-06-30,8201
2008-07-01,8216
2008-07-02,8217
2008-07-03,8207
2008-07-04,8208
2008-07-07,8187
2008-07-08,8206
2008-07-10,8203
2008-07-11,8212
2008-07-14,8224
2008-07-15,8207
2008-07-16,8265
2008-07-17,8269
2008-07-18,8237
2008-07-21,8222
2008-07-22,8231
2008-07-23,8242
2008-07-24,8240
2008-07-25,8208
2008-07-28,8211
2008-07-29,8242
2008-07-30,8235
2008-07-31,8217
2008-08-01,8178
2008-08-04,8343
2008-08-05,8427
2008-08-06,8442
2008-08-07,8486
2008-08-08,8491
2008-08-11,8587
2008-08-12,8542
2008-08-13,8555
2008-08-14,8639
2008-08-15,8484
2008-08-19,8475
2008-08-20,8510
2008-08-21,8540
2008-08-22,8563
2008-08-25,8556
2008-08-26,8521
2008-08-27,8525
2008-08-28,8520
2008-08-29,8522
2008-09-01,8480
2008-09-02,8531
2008-09-03,8548
2008-09-04,8555
2008-09-05,8539
2008-09-08,8559
2008-09-09,8572
2008-09-10,8577
2008-09-11,8578
2008-09-12,8589
2008-09-15,8591
2008-09-16,8599
2008-09-17,8594
2008-09-18,8608
2008-09-19,8621
2008-09-22,8639
2008-09-23,8624
2008-09-24,8623
2008-09-25,8655
2008-09-26,8652
2008-09-29,8656
2008-09-30,8663
2008-10-01,8656
2008-10-02,8673
2008-10-03,8645
2008-10-06,8658
2008-10-07,8666
2008-10-08,8755
2008-10-09,8773
2008-10-10,8832
2008-10-14,8835
2008-10-15,8845
2008-10-16,8841
2008-10-17,8858
2008-10-20,8895
2008-10-21,8882
2008-10-22,8887
2008-10-23,8874
2008-10-24,9038
2008-10-27,9014
2008-10-28,9047
2008-10-29,9027
2008-10-30,8997
2008-10-31,9037
2008-11-03,8898
2008-11-04,8839
2008-11-05,8839
2008-11-07,8965
2008-11-10,9261
2008-11-11,9234
2008-11-12,9224
2008-11-13,9208
2008-11-14,9222
2008-11-17,9208
2008-11-18,9195
2008-11-19,9172
2008-11-20,9206
2008-11-21,9192
2008-11-24,9186
2008-11-25,9183
2008-11-26,9186
2008-11-27,9193
2008-11-28,9266
2008-12-01,9210
2008-12-02,9209
2008-12-03,9218
2008-12-04,9224
2008-12-05,9234
2008-12-09,9261
2008-12-10,9258
2008-12-11,9268
2008-12-12,9295
2008-12-15,9311
2008-12-16,9330
2008-12-17,9315
2008-12-18,9368
2008-12-19,9385
2008-12-22,9376
2008-12-23,9399
2008-12-24,9461
2008-12-26,9495
2008-12-29,9522
2008-12-30,9534
2008-12-31,9536
2009-01-02,9572
2009-01-05,9574
2009-01-06,9594
2009-01-07,9594
2009-01-08,9615
2009-01-09,9645
2009-01-12,9651
2009-01-13,9677
2009-01-14,9651
2009-01-15,9638
2009-01-16,9656
2009-01-19,9644
2009-01-20,9661
2009-01-21,9649
2009-01-22,9660
2009-01-23,9649
2009-01-26,9681
2009-01-27,9696
2009-01-28,9745
2009-01-29,9730
2009-01-30,9743
2009-02-02,9769
2009-02-03,9799
2009-02-04,9822
2009-02-05,9831
2009-02-06,9846
2009-02-09,9906
2009-02-10,9911
2009-02-11,9925
2009-02-12,9887
2009-02-13,9888
2009-02-16,9881
2009-02-17,9904
2009-02-18,9912
2009-02-19,9911
2009-02-20,9943
2009-02-23,9951
2009-02-24,9947
2009-02-25,9967
2009-02-26,9992
2009-02-27,10053
2009-03-02,10172
2009-03-03,10218
2009-03-04,10253
2009-03-05,10260
2009-03-06,10341
2009-03-09,10385
2009-03-10,10443
2009-03-11,10471
2009-03-12,10512
2009-03-13,10546
2009-03-16,10575
2009-03-17,10589
2009-03-18,10648
2009-03-19,10656
2009-03-20,10684
2009-03-23,10709
2009-03-25,10722
2009-03-26,10787
2009-03-27,10835
2009-03-30,10887
2009-03-31,10925
2009-04-01,10980
2009-04-03,11034
2009-04-06,11084
2009-04-07,11101
2009-04-08,11032
2009-04-13,11056
2009-04-14,11065
2009-04-15,11062
2009-04-16,11073
2009-04-17,11090
2009-04-20,11111
2009-04-21,11162
2009-04-22,11228
2009-04-23,11272
2009-04-24,11345
2009-04-27,11407
2009-04-28,11456
2009-04-29,11448
2009-04-30,11613
2009-05-04,11618
2009-05-05,11615
2009-05-06,11632
2009-05-07,11641
2009-05-08,11655
2009-05-11,11651
2009-05-12,11660
2009-05-13,11650
2009-05-14,11650
2009-05-15,11632
2009-05-18,11524
2009-05-19,11530
2009-05-20,11534
2009-05-21,11525
2009-05-22,11573
2009-05-26,11517
2009-05-27,11510
2009-05-28,11508
2009-05-29,11519
2009-06-01,11544
2009-06-02,11548
2009-06-03,11539
2009-06-04,11542
2009-06-05,11598
2009-06-08,11589
2009-06-09,11622
2009-06-10,11615
2009-06-11,11615
2009-06-12,11625
2009-06-16,11596
2009-06-17,11590
2009-06-18,11634
2009-06-19,11604
2009-06-22,11607
2009-06-23,11599
2009-06-24,11592
2009-06-25,11598
2009-06-26,11604
2009-06-29,11620
2009-06-30,11679
2009-07-01,11626
2009-07-02,11651
2009-07-03,11724
2009-07-06,11732
2009-07-07,11747
2009-07-08,11767
2009-07-13,11747
2009-07-14,11777
2009-07-15,11793
2009-07-16,11806
2009-07-17,11808
2009-07-20,11828
2009-07-21,11830
2009-07-22,11824
2009-07-23,11818
2009-07-24,11817
2009-07-27,11827
2009-07-28,11843
2009-07-29,11656
2009-07-30,11655
2009-07-31,11681
2009-08-03,11818
2009-08-04,12039
2009-08-05,12069
2009-08-06,12085
2009-08-07,12076
2009-08-10,12076
2009-08-11,12082
2009-08-12,12062
2009-08-13,12042
2009-08-14,12035
2009-08-18,11937
2009-08-19,11960
2009-08-20,11941
2009-08-21,11946
2009-08-24,11969
2009-08-25,11933
2009-08-26,11975
2009-08-27,11988
2009-08-28,12128
2009-08-31,12278
2009-09-01,12249
2009-09-02,12222
2009-09-03,12235
2009-09-04,12235
2009-09-07,12248
2009-09-08,12251
2009-09-09,12237
2009-09-10,12252
2009-09-11,12236
2009-09-14,12253
2009-09-15,12256
2009-09-16,12265
2009-09-17,12251
2009-09-18,12241
2009-09-21,12248
2009-09-22,12253
2009-09-23,12241
2009-09-24,12089
2009-09-25,12076
2009-09-28,12065
2009-09-29,12054
2009-09-30,12079
2009-10-01,12089
2009-10-02,11944
2009-10-05,11971
2009-10-06,11960
2009-10-07,11967
2009-10-08,11940
2009-10-09,11935
2009-10-13,11933
2009-10-14,11774
2009-10-15,11762
2009-10-16,11678
2009-10-19,11678
2009-10-20,11651
2009-10-21,11660
2009-10-22,11652
2009-10-23,11646
2009-10-26,11613
2009-10-27,11651
2009-10-28,11610
2009-10-29,11599
2009-10-30,11625
2009-11-02,11602
2009-11-03,11597
2009-11-04,11606
2009-11-05,11654
2009-11-09,11648
2009-11-10,11669
2009-11-11,11649
2009-11-12,11620
2009-11-13,11604
2009-11-16,11591
2009-11-17,11638
2009-11-18,11618
2009-11-19,11617
2009-11-20,11573
2009-11-23,11580
2009-11-24,11558
2009-11-25,11561
2009-11-26,11536
2009-11-27,11531
2009-11-30,11520
2009-12-01,11516
2009-12-02,11520
2009-12-03,11513
2009-12-04,11948
2009-12-07,11897
2009-12-09,11894
2009-12-10,11875
2009-12-11,11840
2009-12-14,11576
2009-12-15,11956
2009-12-16,11949
2009-12-17,11812
2009-12-18,11661
2009-12-21,11999
2009-12-22,11940
2009-12-23,11737
2009-12-24,11711
2009-12-28,11875
2009-12-29,11844
2009-12-30,11792
2009-12-31,11788
2010-01-04,11772
2010-01-05,11755
2010-01-06,11788
2010-01-07,11788
2010-01-08,11811
2010-01-11,11803
2010-01-12,11786
2010-01-13,11748
2010-01-14,11751
2010-01-15,11699
2010-01-18,11688
2010-01-19,11674
2010-01-20,11662
2010-01-21,11675
2010-01-22,11653
2010-01-25,11646
2010-01-26,11636
2010-01-27,11742
2010-01-28,11714
2010-01-29,11760
2010-02-01,11422
2010-02-02,11424
2010-02-03,11418
2010-02-04,11425
2010-02-05,11552
2010-02-08,11484
2010-02-09,11480
2010-02-10,11481
2010-02-11,11493
2010-02-12,11495
2010-02-15,11507
2010-02-16,11458
2010-02-17,11457
2010-02-18,11437
2010-02-19,11425
2010-02-22,11411
2010-02-23,11347
2010-02-24,11315
2010-02-25,11257
2010-02-26,11287
2010-03-01,11263
2010-03-02,11267
2010-03-03,11279
2010-03-04,11399
2010-03-05,11406
2010-03-08,11463
2010-03-09,11461
2010-03-10,11475
2010-03-11,11453
2010-03-12,11553
2010-03-15,11556
2010-03-16,11589
2010-03-17,11612
2010-03-18,11649
2010-03-19,11663
2010-03-22,11667
2010-03-23,11546
2010-03-25,11698
2010-03-26,11710
2010-03-29,11723
2010-03-30,16098
2010-03-31,15052
2010-04-05,15071
2010-04-06,15111
2010-04-07,15121
2010-04-08,15124
2010-04-09,15039
2010-04-12,15044
2010-04-13,15059
2010-04-14,15094
2010-04-15,15137
2010-04-16,15157
2010-04-19,15297
2010-04-20,15332
2010-04-21,15403
2010-04-22,15900
2010-04-23,15978
2010-04-26,16107
2010-04-27,16174
2010-04-28,15883
2010-04-29,15904
2010-04-30,16125
2010-05-03,16120
2010-05-04,16055
2010-05-05,16153
2010-05-06,16125
2010-05-07,16102
2010-05-10,16112
2010-05-11,16126
2010-05-12,16133
2010-05-13,16153
2010-05-14,16146
2010-05-17,16201
2010-05-18,16206
2010-05-19,16223
2010-05-20,16225
2010-05-21,16240
2010-05-26,16252
2010-05-27,16252
2010-05-28,16242
2010-05-31,16270
2010-06-01,15745
2010-06-02,15714
2010-06-03,15705
2010-06-04,15706
2010-06-07,15723
2010-06-08,15756
2010-06-09,15747
2010-06-10,15755
2010-06-11,15746
2010-06-14,15715
2010-06-15,15686
2010-06-16,15685
2010-06-17,15718
2010-06-18,15708
2010-06-22,15730
2010-06-23,15609
2010-06-24,15611
2010-06-25,15625
2010-06-28,15585
2010-06-29,15579
2010-06-30,15649
2010-07-01,15591
2010-07-02,15598
2010-07-05,15625
2010-07-06,15525
2010-07-07,15563
2010-07-08,15571
2010-07-12,15578
2010-07-13,15583
2010-07-14,15606
2010-07-15,15615
2010-07-16,15601
2010-07-19,15662
2010-07-20,15653
2010-07-21,15625
2010-07-22,15635
2010-07-23,15721
2010-07-26,15730
2010-07-27,15719
2010-07-28,15718
2010-07-29,13648
2010-07-30,13778
2010-08-02,13736
2010-08-03,14060
2010-08-04,14155
2010-08-05,14310
2010-08-06,14291
2010-08-09,14321
2010-08-10,14402
2010-08-11,14395
2010-08-12,14479
2010-08-13,14492
2010-08-17,14496
2010-08-18,14519
2010-08-19,14495
2010-08-20,14537
2010-08-23,14520
2010-08-24,14524
2010-08-25,14531
2010-08-26,14526
2010-08-27,14537
2010-08-30,14524
2010-08-31,14529
2010-09-01,14508
2010-09-02,14259
2010-09-03,14272
2010-09-06,14291
2010-09-07,14380
2010-09-08,14368
2010-09-09,14410
2010-09-10,14417
2010-09-13,14460
2010-09-14,14414
2010-09-15,14520
2010-09-16,14515
2010-09-17,14588
2010-09-20,14664
2010-09-21,14731
2010-09-22,14949
2010-09-23,15012
2010-09-24,14980
2010-09-27,15120
2010-09-28,14986
2010-09-29,14988
2010-09-30,15144
2010-10-01,15171
2010-10-04,15083
2010-10-05,15156
2010-10-06,15283
2010-10-07,15320
2010-10-08,15329
2010-10-12,15394
2010-10-13,15434
2010-10-14,15459
2010-10-15,15497
2010-10-18,15361
2010-10-19,15435
2010-10-20,15506
2010-10-21,15503
2010-10-22,15496
2010-10-25,15530
2010-10-26,15517
2010-10-28,15583
2010-10-29,15671
2010-11-01,15716
2010-11-02,15735
2010-11-03,15765
2010-11-04,15785
2010-11-05,15844
2010-11-08,15884
2010-11-09,15902
2010-11-10,15836
2010-11-11,15908
2010-11-12,15894
2010-11-15,15945
2010-11-16,15958
2010-11-17,15969
2010-11-18,15979
2010-11-19,15984
2010-11-23,15914
2010-11-24,15800
2010-11-25,15803
2010-11-26,15799
2010-11-29,15714
2010-11-30,15787
2010-12-01,15782
2010-12-02,15792
2010-12-03,15791
2010-12-06,15814
2010-12-07,15800
2010-12-09,15862
2010-12-10,15952
2010-12-13,15899
2010-12-14,15947
2010-12-15,15887
2010-12-16,15900
2010-12-17,15898
2010-12-20,15974
2010-12-21,15988
2010-12-22,16005
2010-12-23,16027
2010-12-27,16001
2010-12-28,15967
2010-12-29,16056
2010-12-30,16106
2011-01-03,16087
2011-01-04,16094
2011-01-05,16092
2011-01-06,16089
2011-01-07,16112
2011-01-10,16198
2011-01-11,16177
2011-01-12,16165
2011-01-13,16153
2011-01-14,16129
2011-01-17,16121
2011-01-18,16095
2011-01-19,16073
2011-01-20,16080
2011-01-21,16072
2011-01-24,16058
2011-01-25,16020
2011-01-26,15986
2011-01-27,15892
2011-01-28,15810
2011-01-31,15689
2011-02-01,15664
2011-02-02,15643
2011-02-03,15630
2011-02-04,15650
2011-02-07,15692
2011-02-08,15702
2011-02-09,15715
2011-02-10,15705
2011-02-11,15727
2011-02-14,15674
2011-02-15,15574
2011-02-16,15525
2011-02-17,15472
2011-02-18,15477
2011-02-21,15529
2011-02-22,15510
2011-02-23,15515
2011-02-24,15498
2011-02-25,15413
2011-02-28,15444
2011-03-01,15427
2011-03-02,15389
2011-03-03,15405
2011-03-04,15436
2011-03-09,15429
2011-03-10,15443
2011-03-11,15448
2011-03-14,15467
2011-03-15,15480
2011-03-16,15446
2011-03-17,15341
2011-03-18,15278
2011-03-21,15231
2011-03-22,15221
2011-03-23,15205
2011-03-28,15339
2011-03-29,15215
2011-03-30,15165
2011-03-31,15278
2011-04-01,15259
2011-04-04,15298
2011-04-05,15349
2011-04-06,15341
2011-04-07,15404
2011-04-08,15438
2011-04-11,15436
2011-04-12,15466
2011-04-13,15454
2011-04-14,15444
2011-04-15,15567
2011-04-18,15587
2011-04-19,15663
2011-04-20,15666
2011-04-25,15533
2011-04-26,15699
2011-04-27,15730
2011-04-28,15697
2011-04-29,15754
2011-05-02,15766
2011-05-03,15857
2011-05-04,15921
2011-05-05,15927
2011-05-06,15943
2011-05-09,15936
2011-05-10,15930
2011-05-11,15895
2011-05-12,15892
2011-05-13,15887
2011-05-16,15956
2011-05-17,15957
2011-05-18,15966
2011-05-19,15929
2011-05-20,15926
2011-05-23,15894
2011-05-24,15729
2011-05-26,15669
2011-05-27,15697
2011-05-30,15704
2011-05-31,15729
2011-06-01,15746
2011-06-02,15724
2011-06-03,15617
2011-06-06,15604
2011-06-07,15638
2011-06-08,15651
2011-06-09,15655
2011-06-10,15666
2011-06-13,15725
2011-06-14,15719
2011-06-15,15734
2011-06-16,15699
2011-06-17,15696
2011-06-21,15669
2011-06-22,15653
2011-06-23,15613
2011-06-24,15607
2011-06-27,15598
2011-06-28,15533
2011-06-29,15564
2011-06-30,15805
2011-07-01,15787
2011-07-04,15820
2011-07-05,15768
2011-07-06,15784
2011-07-07,15830
2011-07-08,15761
2011-07-11,15765
2011-07-12,15756
2011-07-13,15762
2011-07-14,15773
2011-07-15,15742
2011-07-18,15677
2011-07-19,15667
2011-07-20,15604
2011-07-21,15613
2011-07-22,15640
2011-07-25,15642
2011-07-26,15628
2011-07-27,15642
2011-07-28,15646
2011-07-29,15686
2011-08-01,15646
2011-08-02,15642
2011-08-03,15762
2011-08-04,15997
2011-08-05,15937
2011-08-08,15939
2011-08-09,15974
2011-08-10,15945
2011-08-11,16001
2011-08-12,16000
2011-08-15,16032
2011-08-16,16007
2011-08-17,15964
2011-08-18,15968
2011-08-19,15965
2011-08-23,15950
2011-08-24,15905
2011-08-25,15880
2011-08-26,15887
2011-08-29,15867
2011-08-30,15739
2011-08-31,15678
2011-09-01,15562
2011-09-02,15650
2011-09-05,15711
2011-09-06,15680
2011-09-07,15677
2011-09-08,15628
2011-09-09,15661
2011-09-12,15672
2011-09-13,15700
2011-09-14,15687
2011-09-15,15630
2011-09-16,15594
2011-09-19,15555
2011-09-20,15594
2011-09-21,15608
2011-09-22,15677
2011-09-23,15774
2011-09-26,15799
2011-09-27,15786
2011-09-28,15750
2011-09-29,15772
2011-09-30,15774
2011-10-03,15806
2011-10-04,15797
2011-10-05,15772
2011-10-06,15788
2011-10-07,15823
2011-10-11,15823
2011-10-12,15836
2011-10-13,15809
2011-10-14,15829
2011-10-17,15888
2011-10-18,15934
2011-10-19,15935
2011-10-20,15915
2011-10-21,15945
2011-10-24,15964
2011-10-25,15955
2011-10-26,15964
2011-10-27,15979
2011-10-28,15963
2011-10-31,15903
2011-11-01,15756
2011-11-02,15619
2011-11-03,15432
2011-11-04,15299
2011-11-07,15114
2011-11-08,14954
2011-11-09,14766
2011-11-10,14511
2011-11-11,14223
2011-11-14,14056
2011-11-15,13889
2011-11-16,13766
2011-11-17,13668
2011-11-18,13576
2011-11-21,13509
2011-11-22,13477
2011-11-23,13388
2011-11-24,13354
2011-11-25,13317
2011-11-29,13262
2011-11-30,13259
2011-12-01,13229
2011-12-02,13178
2011-12-05,13164
2011-12-06,13118
2011-12-07,13066
2011-12-12,13055
2011-12-13,13038
2011-12-14,13027
2011-12-15,13137
2011-12-16,13132
2011-12-19,13127
2011-12-20,13099
2011-12-21,13160
2011-12-22,13187
2011-12-23,13212
2011-12-27,13271
2011-12-28,13306
2011-12-29,13196
2011-12-30,13323
2012-01-03,13401
2012-01-04,13385
2012-01-05,13372
2012-01-06,13378
2012-01-09,13374
2012-01-10,13410
2012-01-11,13386
2012-01-12,13380
2012-01-13,13368
2012-01-16,13378
2012-01-17,13357
2012-01-18,13379
2012-01-19,13395
2012-01-20,13396
2012-01-23,13384
2012-01-24,13414
2012-01-25,13376
2012-01-26,13357
2012-01-27,13333
2012-01-30,13327
2012-01-31,13326
2012-02-01,13306
2012-02-02,13301
2012-02-03,13305
2012-02-06,13293
2012-02-07,13265
2012-02-08,13285
2012-02-09,13237
2012-02-10,13263
2012-02-13,13359
2012-02-14,13330
2012-02-15,13381
2012-02-16,13312
2012-02-17,13343
2012-02-22,13273
2012-02-23,13254
2012-02-24,13167
2012-02-28,13198
2012-02-29,13183
2012-03-01,13201
2012-03-02,13203
2012-03-05,13235
2012-03-06,13227
2012-03-07,13207
2012-03-08,13254
2012-03-09,13247
2012-03-12,13216
2012-03-13,13249
2012-03-14,13226
2012-03-15,13251
2012-03-16,13247
2012-03-19,13246
2012-03-20,13184
2012-03-21,13173
2012-03-22,13189
2012-03-23,13209
2012-03-26,13157
2012-03-27,13148
2012-03-28,13136
2012-03-29,13065
2012-03-30,13067
2012-04-03,13088
2012-04-04,13152
2012-04-09,13169
2012-04-10,13157
2012-04-11,13156
2012-04-12,13135
2012-04-13,13132
2012-04-16,13128
2012-04-17,13194
2012-04-18,13184
2012-04-19,13079
2012-04-20,13073
2012-04-23,13072
2012-04-24,13086
2012-04-25,13092
2012-04-26,13073
2012-04-27,13082
2012-05-02,13105
2012-05-03,13134
2012-05-04,13134
2012-05-07,13121
2012-05-08,13048
2012-05-09,13053
2012-05-10,13010
2012-05-11,12958
2012-05-14,12858
2012-05-15,12752
2012-05-16,12671
2012-05-17,12562
2012-05-18,12453
2012-05-21,12339
2012-05-22,12205
2012-05-23,12106
2012-05-24,11968
2012-05-28,11855
2012-05-29,11913
2012-05-30,11823
2012-05-31,11699
2012-06-01,11514
2012-06-04,11368
2012-06-05,11218
2012-06-06,11128
2012-06-07,11021
2012-06-08,10907
2012-06-11,10789
2012-06-12,10644
2012-06-13,10489
2012-06-14,10433
2012-06-15,10368
2012-06-18,10267
2012-06-19,10179
2012-06-21,10114
2012-06-22,10047
2012-06-25,10020
2012-06-26,9985
2012-06-27,9955
2012-06-28,9904
2012-06-29,9894
2012-07-02,9990
2012-07-03,9950
2012-07-04,9929
2012-07-05,9913
2012-07-06,9884
2012-07-10,9835
2012-07-11,9800
2012-07-12,9765
2012-07-13,9722
2012-07-16,9670
2012-07-17,9759
2012-07-18,9716
2012-07-19,9624
2012-07-20,9578
2012-07-23,9544
2012-07-24,9481
2012-07-25,9453
2012-07-26,9417
2012-07-27,9358
2012-07-30,9300
2012-07-31,9350
2012-08-01,9315
2012-08-02,9250
2012-08-03,9487
2012-08-06,9464
2012-08-07,9437
2012-08-08,9405
2012-08-09,9377
2012-08-10,9350
2012-08-13,9361
2012-08-14,9289
2012-08-15,9276
2012-08-16,9252
2012-08-17,9234
2012-08-21,9235
2012-08-22,9223
2012-08-23,9195
2012-08-24,9165
2012-08-27,9151
2012-08-28,9112
2012-08-29,9083
2012-08-30,9082
2012-08-31,9070
2012-09-03,9056
2012-09-04,9079
2012-09-05,9037
2012-09-06,9024
2012-09-07,9010
2012-09-10,9001
2012-09-11,8997
2012-09-12,9019
2012-09-13,8989
2012-09-14,8971
2012-09-17,8947
2012-09-18,8980
2012-09-19,8966
2012-09-20,8953
2012-09-21,8946
2012-09-25,8936
2012-09-26,8930
2012-09-27,8944
2012-09-28,8940
2012-10-01,8923
2012-10-02,8915
2012-10-03,8922
2012-10-04,8929
2012-10-05,8918
2012-10-09,8908
2012-10-10,8898
2012-10-11,8899
2012-10-12,8882
2012-10-15,8882
2012-10-16,8877
2012-10-17,8947
2012-10-18,8932
2012-10-19,8920
2012-10-22,8908
2012-10-23,8889
2012-10-24,8860
2012-10-25,9555
2012-10-26,9515
2012-10-29,9514
2012-10-30,9509
2012-10-31,9455
2012-11-01,9423
2012-11-02,9424
2012-11-05,9431
2012-11-07,9412
2012-11-08,9412
2012-11-09,9411
2012-11-12,9398
2012-11-13,9349
2012-11-14,9339
2012-11-15,9285
2012-11-16,9274
2012-11-19,9239
2012-11-20,9268
2012-11-21,9234
2012-11-22,9231
2012-11-23,9196
2012-11-27,9189
2012-11-28,9194
2012-11-29,9335
2012-11-30,9353
2012-12-03,9304
2012-12-04,9272
2012-12-05,9262
2012-12-06,9246
2012-12-07,9280
2012-12-10,9272
2012-12-11,9248
2012-12-12,9248
2012-12-13,9222
2012-12-14,9261
2012-12-17,9286
2012-12-18,9316
2012-12-19,9339
2012-12-20,9376
2012-12-21,9397
2012-12-26,9470
2012-12-27,9770
2012-12-28,9765
2012-12-31,9947
2013-01-02,9886
2013-01-03,9815
2013-01-04,9774
2013-01-07,9738
2013-01-08,9747
2013-01-09,9718
2013-01-10,9698
2013-01-11,9676
2013-01-14,9667
2013-01-15,9638
2013-01-16,9599
2013-01-17,9596
2013-01-18,9545
2013-01-21,9529
2013-01-22,9477
2013-01-23,9465
2013-01-24,9457
2013-01-25,9417
2013-01-28,9365
2013-01-29,9311
2013-01-30,9305
2013-02-01,9276
2013-02-04,9252
2013-02-05,9226
2013-02-06,9176
2013-02-07,9131
2013-02-08,9080
2013-02-13,9061
2013-02-14,9009
2013-02-15,8981
2013-02-18,8969
2013-02-19,8919
2013-02-21,8899
2013-02-22,8884
2013-02-25,8852
2013-02-26,8832
2013-02-27,8775
2013-02-28,8717
2013-03-01,8702
2013-03-04,8662
2013-03-05,8658
2013-03-06,8652
2013-03-07,8644
2013-03-08,8634
2013-03-11,8680
2013-03-12,8663
2013-03-13,8640
2013-03-14,8613
2013-03-15,8644
2013-03-18,8605
2013-03-19,8507
2013-03-20,8525
2013-03-21,8491
2013-03-22,8472
2013-03-25,8462
2013-03-26,8441
2013-03-27,8388
2013-04-03,8399
2013-04-04,8394
2013-04-05,8380
2013-04-08,8379
2013-04-09,8382
2013-04-10,8391
2013-04-11,8377
2013-04-12,8357
2013-04-15,8351
2013-04-16,8334
2013-04-17,8403
2013-04-18,8414
2013-04-19,8409
2013-04-22,8427
2013-04-23,8413
2013-04-24,8401
2013-04-25,8388
2013-04-26,8372
2013-04-29,8346
2013-04-30,8454
2013-05-02,8441
2013-05-03,8433
2013-05-06,8411
2013-05-07,8385
2013-05-08,8380
2013-05-09,8365
2013-05-10,8351
2013-05-13,8328
2013-05-14,8309
2013-05-15,8297
2013-05-16,8250
2013-05-17,8251
2013-05-20,8244
2013-05-21,8223
2013-05-22,8215
2013-05-23,8211
2013-05-24,8201
2013-05-27,8211
2013-05-28,8203
2013-05-29,8199
2013-05-30,8359
2013-05-31,8342
2013-06-03,8327
2013-06-04,8322
2013-06-05,8350
2013-06-06,8341
2013-06-07,8350
2013-06-10,8343
2013-06-11,8327
2013-06-12,8326
2013-06-13,8311
2013-06-14,8319
2013-06-17,8317
2013-06-18,8290
2013-06-19,8284
2013-06-24,8271
2013-06-25,8246
2013-06-26,8237
2013-06-27,8221
2013-06-28,8218
2013-07-01,8335
2013-07-02,8326
2013-07-03,8344
2013-07-04,8334
2013-07-05,8334
2013-07-08,8315
2013-07-10,8341
2013-07-11,8328
2013-07-12,8304
2013-07-15,8290
2013-07-16,8286
2013-07-17,8274
2013-07-18,8285
2013-07-19,8280
2013-07-22,8317
2013-07-23,8304
2013-07-24,8296
2013-07-25,8297
2013-07-26,8294
2013-07-29,8293
2013-07-30,8239
2013-07-31,8210
2013-08-01,8143
2013-08-02,8145
2013-08-05,8132
2013-08-06,8120
2013-08-07,8096
2013-08-08,8083
2013-08-09,8029
2013-08-12,8019
2013-08-13,8061
2013-08-14,8013
2013-08-15,7995
2013-08-16,7989
2013-08-20,7980
2013-08-21,7970
2013-08-22,7958
2013-08-23,8007
2013-08-26,7992
2013-08-27,8011
2013-08-28,7996
2013-08-29,7981
2013-08-30,7992
2013-09-02,7986
2013-09-03,7940
2013-09-04,7932
2013-09-05,7926
2013-09-06,7920
2013-09-09,7946
2013-09-10,7938
2013-09-11,7923
2013-09-12,8244
2013-09-13,8274
2013-09-16,8418
2013-09-17,8395
2013-09-18,8395
2013-09-19,8314
2013-09-20,8245
2013-09-23,8244
2013-09-24,8255
2013-09-25,8204
2013-09-26,8204
2013-09-27,8243
2013-09-30,8166
2013-10-01,8163
2013-10-02,8155
2013-10-03,8177
2013-10-04,8209
2013-10-07,8243
2013-10-08,8180
2013-10-09,8180
2013-10-10,8170
2013-10-11,8151
2013-10-15,8142
2013-10-16,8120
2013-10-17,8190
2013-10-18,8193
2013-10-21,8178
2013-10-22,8213
2013-10-23,8204
2013-10-24,8179
2013-10-25,8148
2013-10-28,8124
2013-10-29,8113
2013-10-30,8115
2013-10-31,8127
2013-11-01,8115
2013-11-04,8115
2013-11-05,8109
2013-11-07,8102
2013-11-08,8128
2013-11-11,8109
2013-11-12,8105
2013-11-13,8100
2013-11-14,8099
2013-11-15,8095
2013-11-18,8084
2013-11-19,8087
2013-11-20,8078
2013-11-21,8102
2013-11-22,8045
2013-11-26,8079
2013-11-27,7994
2013-11-28,7969
2013-11-29,8190
2013-12-02,8170
2013-12-03,8107
2013-12-04,8105
2013-12-05,8092
2013-12-06,8071
2013-12-09,8072
2013-12-10,8111
2013-12-11,8066
2013-12-12,8084
2013-12-13,8214
2013-12-16,8277
2013-12-17,8278
2013-12-18,8295
2013-12-19,8295
2013-12-20,8325
2013-12-23,8365
2013-12-26,8453
2013-12-27,8508
2013-12-30,8562
2014-01-02,8678
2014-01-03,8643
2014-01-06,8555
2014-01-07,8553
2014-01-08,8557
2014-01-09,8538
2014-01-10,8539
2014-01-13,8519
2014-01-14,8429
2014-01-15,8428
2014-01-16,8422
2014-01-17,8922
2014-01-20,8907
2014-01-21,8932
2014-01-22,9021
2014-01-23,8999
2014-01-24,9048
2014-01-27,9049
2014-01-28,8983
2014-01-29,8956
2014-01-30,8946
2014-01-31,8972
2014-02-03,8963
2014-02-04,8945
2014-02-05,8923
2014-02-06,8903
2014-02-07,8934
2014-02-10,8919
2014-02-11,8906
2014-02-12,8888
2014-02-13,8868
2014-02-14,8780
2014-02-17,8769
2014-02-18,8752
2014-02-19,8783
2014-02-20,8850
2014-02-21,8763
2014-02-24,8748
2014-02-25,8769
2014-02-26,8769
2014-02-27,8762
2014-02-28,8758
2014-03-05,8703
2014-03-06,8696
2014-03-07,8677
2014-03-10,8666
2014-03-11,8660
2014-03-12,8146
2014-03-13,8169
2014-03-14,8159
2014-03-17,8246
2014-03-18,8230
2014-03-19,8259
2014-03-20,8249
2014-03-21,8238
2014-03-25,8277
2014-03-26,8287
2014-03-27,8300
2014-03-28,8290
2014-03-31,8349
2014-04-01,8298
2014-04-03,8348
2014-04-04,8346
2014-04-07,8323
2014-04-08,8348
2014-04-09,8337
2014-04-10,8345
2014-04-11,8276
2014-04-14,8280
2014-04-15,8236
2014-04-16,8223
2014-04-21,8321
2014-04-22,8324
2014-04-23,8320
2014-04-24,8316
2014-04-25,8302
2014-04-28,8308
2014-04-29,8332
2014-04-30,7881
2014-05-05,8373
2014-05-06,8377
2014-05-07,8381
2014-05-08,8370
2014-05-09,8368
2014-05-12,8423
2014-05-13,8409
2014-05-14,8397
2014-05-15,8386
2014-05-16,8382
2014-05-19,8386
2014-05-20,8387
2014-05-21,8466
2014-05-22,8450
2014-05-23,8377
2014-05-26,8380
2014-05-27,8377
2014-05-28,8389
2014-05-29,8534
2014-05-30,8526
2014-06-02,8551
2014-06-03,8568
2014-06-04,8575
2014-06-05,8566
2014-06-06,8537
2014-06-09,8551
2014-06-10,8553
2014-06-11,8602
2014-06-12,8604
2014-06-13,8603
2014-06-16,8622
2014-06-17,8670
2014-06-18,8665
2014-06-19,8635
2014-06-23,8608
2014-06-24,8591
2014-06-25,8587
2014-06-26,8595
2014-06-27,8762
2014-06-30,8766
2014-07-01,8753
2014-07-02,8757
2014-07-03,8757
2014-07-04,8753
2014-07-07,8785
2014-07-08,8776
2014-07-10,8753
2014-07-11,8776
2014-07-14,8766
2014-07-15,8755
2014-07-16,8735
2014-07-17,8741
2014-07-18,8735
2014-07-21,8305
2014-07-22,8302
2014-07-23,8261
2014-07-24,8255
2014-07-25,8253
2014-07-28,8245
2014-07-29,8228
2014-07-30,8220
2014-07-31,8285
2014-08-01,8282
2014-08-04,8265
2014-08-05,8304
2014-08-06,8277
2014-08-07,8278
2014-08-08,8237
2014-08-11,8194
2014-08-12,8175
2014-08-13,8173
2014-08-14,8150
2014-08-15,8145
2014-08-19,8193
2014-08-20,8192
2014-08-21,8184
2014-08-22,8176
2014-08-25,8176
2014-08-26,8203
2014-08-27,8193
2014-08-28,8194
2014-08-29,8191
2014-09-01,8184
2014-09-02,8225
2014-09-03,8217
2014-09-04,8219
2014-09-05,8248
2014-09-08,8254
2014-09-09,8238
2014-09-10,8217
2014-09-11,8210
2014-09-12,8190
2014-09-15,8288
2014-09-16,8280
2014-09-17,8270
2014-09-18,8283
2014-09-19,8273
2014-09-22,8272
2014-09-23,8254
2014-09-24,8201
2014-09-25,8238
2014-09-26,8230
2014-09-29,8224
2014-09-30,8191
2014-10-01,8194
2014-10-02,8160
2014-10-03,8119
2014-10-06,8173
2014-10-07,8129
2014-10-08,8219
2014-10-09,8217
2014-10-10,8200
2014-10-14,8218
2014-10-15,8202
2014-10-16,8190
2014-10-17,8234
2014-10-20,8229
2014-10-21,8353
2014-10-22,8358
2014-10-23,8337
2014-10-24,8329
2014-10-27,8385
2014-10-28,8329
2014-10-29,8366
2014-10-30,8354
2014-10-31,8356
2014-11-03,8380
2014-11-04,8375
2014-11-05,8364
2014-11-07,8380
2014-11-10,8405
2014-11-11,8399
2014-11-12,8430
2014-11-13,8433
2014-11-14,8409
2014-11-17,8432
2014-11-18,8428
2014-11-19,8421
2014-11-20,8416
2014-11-21,8403
2014-11-25,8405
2014-11-26,8429
2014-11-27,8440
2014-11-28,8462
2014-12-01,8587
2014-12-02,8587
2014-12-03,8592
2014-12-04,8603
2014-12-05,8579
2014-12-09,8635
2014-12-10,8645
2014-12-11,8654
2014-12-12,8743
2014-12-15,8762
2014-12-16,8860
2014-12-17,8860
2014-12-18,8854
2014-12-19,8899
2014-12-22,8864
2014-12-23,8882
2014-12-24,8942
2014-12-29,8994
2014-12-30,9055
2015-01-02,9206
2015-01-05,9222
2015-01-06,9208
2015-01-07,9163
2015-01-08,9157
2015-01-09,9100
2015-01-12,9111
2015-01-13,9196
2015-01-14,9215
2015-01-15,9200
2015-01-16,9187
2015-01-19,9179
2015-01-20,9196
2015-01-21,9160
2015-01-22,9150
2015-01-23,9106
2015-01-26,9112
2015-01-27,9099
2015-01-28,9085
2015-01-29,9077
2015-01-30,9071
2015-02-02,9081
2015-02-03,9083
2015-02-04,9064
2015-02-05,9056
2015-02-06,9029
2015-02-09,9120
2015-02-10,9218
2015-02-11,9301
2015-02-12,9397
2015-02-13,9475
2015-02-18,9475
2015-02-19,9467
2015-02-20,9445
2015-02-23,9431
2015-02-24,9428
2015-02-25,9413
2015-02-26,9416
2015-02-27,9448
2015-03-02,9690
2015-03-03,9693
2015-03-04,9746
2015-03-05,9766
2015-03-06,9756
2015-03-09,9737
2015-03-10,9719
2015-03-11,9710
2015-03-12,9683
2015-03-13,9677
2015-03-16,9746
2015-03-17,9736
2015-03-18,9772
2015-03-19,9766
2015-03-20,9753
2015-03-25,9732
2015-03-26,9688
2015-03-27,9697
2015-03-30,9652
2015-03-31,9655
2015-04-01,9643
2015-04-06,9582
2015-04-07,9600
2015-04-08,9616
2015-04-09,9626
2015-04-10,9649
2015-04-13,9580
2015-04-14,9538
2015-04-15,9489
2015-04-16,9463
2015-04-17,9464
2015-04-20,9421
2015-04-21,9372
2015-04-22,9334
2015-04-23,8978
2015-04-24,8937
2015-04-27,8918
2015-04-28,8887
2015-04-29,9776
2015-04-30,9758
2015-05-04,9794
2015-05-05,9831
2015-05-06,9840
2015-05-07,9686
2015-05-08,9712
2015-05-11,9730
2015-05-12,9736
2015-05-13,9699
2015-05-14,9693
2015-05-15,9461
2015-05-18,9463
2015-05-19,9465
2015-05-20,9493
2015-05-21,9465
2015-05-22,9480
2015-05-26,9517
2015-05-27,9520
2015-05-28,9518
2015-05-29,9663
2015-06-01,9649
2015-06-02,9656
2015-06-03,9660
2015-06-04,9738
2015-06-05,9752
2015-06-08,9737
2015-06-09,9756
2015-06-10,9734
2015-06-11,9744
2015-06-12,9751
2015-06-15,9820
2015-06-16,9811
2015-06-17,9819
2015-06-18,9803
2015-06-19,9790
2015-06-22,10277
2015-06-23,10262
2015-06-24,10193
2015-06-25,10186
2015-06-26,10189
2015-06-29,10161
2015-06-30,10230
2015-07-01,10277
2015-07-02,10284
2015-07-03,10353
2015-07-06,10359
2015-07-07,10351
2015-07-08,10341
2015-07-10,10413
2015-07-13,10393
2015-07-14,10382
2015-07-15,10486
2015-07-16,10464
2015-07-17,10481
2015-07-20,10405
2015-07-21,10397
2015-07-22,10422
2015-07-23,10412
2015-07-24,10408
2015-07-27,10417
2015-07-28,10399
2015-07-29,10429
2015-07-30,10416
2015-07-31,10390
2015-08-03,10454
2015-08-04,10481
2015-08-05,10471
2015-08-06,10479
2015-08-07,10469
2015-08-10,10462
2015-08-11,10458
2015-08-12,10480
2015-08-13,10464
2015-08-14,10359
2015-08-18,10379
2015-08-19,10398
2015-08-20,10306
2015-08-21,10312
2015-08-24,10269
2015-08-25,10280
2015-08-26,10273
2015-08-27,10283
2015-08-28,10289
2015-08-31,10292
2015-09-01,10349
2015-09-02,10358
2015-09-03,10302
2015-09-04,10303
2015-09-07,10317
2015-09-08,10309
2015-09-09,10290
2015-09-10,10299
2015-09-11,10301
2015-09-14,10271
2015-09-15,10353
2015-09-16,9951
2015-09-17,9953
2015-09-18,9958
2015-09-21,9947
2015-09-22,9803
2015-09-23,9734
2015-09-24,9721
2015-09-25,9713
2015-09-28,9703
2015-09-29,9684
2015-09-30,9657
2015-10-01,9626
2015-10-02,9642
2015-10-05,10381
2015-10-06,10668
2015-10-07,10927
2015-10-08,10490
2015-10-09,10543
2015-10-13,10527
2015-10-14,10490
2015-10-15,10482
2015-10-16,10447
2015-10-19,10509
2015-10-20,10478
2015-10-21,10444
2015-10-22,10407
2015-10-23,10255
2015-10-26,10270
2015-10-27,10292
2015-10-28,10267
2015-10-29,10309
2015-10-30,10289
2015-11-02,10353
2015-11-03,10398
2015-11-04,10361
2015-11-05,10354
2015-11-09,10399
2015-11-10,10379
2015-11-11,10347
2015-11-12,10285
2015-11-13,10256
2015-11-16,10238
2015-11-17,10231
2015-11-18,10283
2015-11-19,10249
2015-11-20,10174
2015-11-23,10118
2015-11-24,10078
2015-11-25,10007
2015-11-26,9993
2015-11-30,10062
2015-12-01,10084
2015-12-02,10088
2015-12-03,10116
2015-12-04,10056
2015-12-09,10182
2015-12-10,10203
2015-12-11,10204
2015-12-14,10234
2015-12-15,10258
2015-12-16,10278
2015-12-17,10327
2015-12-18,10497
2015-12-21,10686
2015-12-22,10894
2015-12-23,11023
2015-12-24,11089
2015-12-28,11312
2015-12-29,11533
2015-12-30,11789
2015-12-31,12021
2016-01-04,12097
2016-01-05,12106
2016-01-06,12140
2016-01-07,12176
2016-01-08,12230
2016-01-11,12299
2016-01-12,12413
2016-01-13,12430
2016-01-14,12466
2016-01-15,12658
2016-01-18,12742
2016-01-19,12788
2016-01-20,12804
2016-01-21,12825
2016-01-22,12869
2016-01-25,12900
2016-01-26,12911
2016-01-27,12905
2016-01-28,12888
2016-01-29,12854
2016-02-01,12903
2016-02-02,12866
2016-02-03,12895
2016-02-04,12856
2016-02-05,12900
2016-02-10,12914
2016-02-11,12883
2016-02-12,12856
2016-02-15,12905
2016-02-16,12918
2016-02-17,12913
2016-02-18,12992
2016-02-19,12987
2016-02-22,13013
2016-02-23,13021
2016-02-24,13027
2016-02-25,13034
2016-02-26,13072
2016-02-29,13057
2016-03-01,13097
2016-03-02,13146
2016-03-03,13163
2016-03-04,13225
2016-03-07,13254
2016-03-08,13244
2016-03-09,13265
2016-03-10,13282
2016-03-11,13303
2016-03-14,13318
2016-03-15,13461
2016-03-16,14204
2016-03-17,14228
2016-03-18,14321
2016-03-21,14343
2016-03-22,14380
2016-03-23,14362
2016-03-28,14318
2016-03-29,14251
2016-03-30,14220
2016-03-31,14156
2016-04-01,14158
2016-04-04,14132
2016-04-05,14139
2016-04-06,14103
2016-04-07,14074
2016-04-08,14105
2016-04-11,14093
2016-04-12,14052
2016-04-13,14013
2016-04-14,14039
2016-04-15,13987
2016-04-18,14052
2016-04-19,14072
2016-04-20,14461
2016-04-21,14063
2016-04-22,14056
2016-04-25,14020
2016-04-26,13996
2016-04-27,14087
2016-04-28,13959
2016-04-29,13979
2016-05-02,13979
2016-05-03,13981
2016-05-04,13985
2016-05-05,13974
2016-05-06,13992
2016-05-09,13995
2016-05-10,13993
2016-05-11,14079
2016-05-12,14092
2016-05-13,14113
2016-05-16,14173
2016-05-17,14184
2016-05-18,14164
2016-05-19,14228
2016-05-20,14705
2016-05-23,14379
2016-05-24,14371
2016-05-26,14327
2016-05-27,14301
2016-05-30,14460
2016-05-31,14449
2016-06-01,15124
2016-06-02,15114
2016-06-03,15143
2016-06-06,14854
2016-06-07,14770
2016-06-08,14766
2016-06-09,14765
2016-06-10,15273
2016-06-13,15315
2016-06-14,15398
2016-06-15,16280
2016-06-16,16298
2016-06-21,15385
2016-06-22,15201
2016-06-23,15155
2016-06-24,15019
2016-06-27,14992
2016-06-28,14951
2016-06-29,15066
2016-06-30,15157
2016-07-01,15176
2016-07-04,15190
2016-07-05,15209
2016-07-06,15223
2016-07-07,15308
2016-07-11,15351
2016-07-12,15290
2016-07-13,15233
2016-07-14,15249
2016-07-15,15241
2016-07-18,15266
2016-07-19,15315
2016-07-20,15303
2016-07-21,15801
2016-07-22,15190
2016-07-25,15163
2016-07-26,15840
2016-07-27,15847
2016-07-28,15833
2016-07-29,15813
2016-08-01,15900
2016-08-02,15849
2016-08-03,15823
2016-08-04,15879
2016-08-05,15912
2016-08-08,15374
2016-08-09,15379
2016-08-10,15398
2016-08-11,15440
2016-08-12,15464
2016-08-16,15471
2016-08-17,15516
2016-08-18,15522
2016-08-19,15709
2016-08-22,15800
2016-08-23,15777
2016-08-24,15789
2016-08-25,15785
2016-08-26,15776
2016-08-29,15777
2016-08-30,15772
2016-08-31,15720
2016-09-01,15751
2016-09-02,15793
2016-09-05,15700
2016-09-06,15705
2016-09-07,15697
2016-09-08,15675
2016-09-09,15720
2016-09-12,15740
2016-09-13,15706
2016-09-14,15688
2016-09-15,15689
2016-09-16,15794
2016-09-19,15952
2016-09-20,15931
2016-09-21,15931
2016-09-22,15916
2016-09-23,15904
2016-09-26,15863
2016-09-27,15829
2016-09-28,15836
2016-09-29,16063
2016-09-30,16128
2016-10-03,16167
2016-10-04,16183
2016-10-05,16268
2016-10-06,16315
2016-10-07,16405
2016-10-11,16498
2016-10-12,16581
2016-10-13,16668
2016-10-14,16810
2016-10-17,16954
2016-10-18,17114
2016-10-19,17302
2016-10-20,18393
2016-10-21,18724
2016-10-24,27057
2016-10-25,27259
2016-10-26,27478
2016-10-27,25427
2016-10-28,25505
2016-10-31,25715
2016-11-01,25778
2016-11-02,25961
2016-11-03,24085
2016-11-04,24189
2016-11-07,24919
2016-11-08,24829
2016-11-09,24824
2016-11-10,24891
2016-11-11,25106
2016-11-14,25196
2016-11-15,25406
2016-11-16,25748
2016-11-17,26171
2016-11-18,26617
2016-11-21,27561
2016-11-22,26986
2016-11-23,26931
2016-11-24,26908
2016-11-25,24877
2016-11-29,25023
2016-11-30,23895
2016-12-01,23966
2016-12-02,23986
2016-12-05,24320
2016-12-06,24341
2016-12-07,24390
2016-12-12,24369
2016-12-13,24351
2016-12-14,24329
2016-12-15,24391
2016-12-16,24472
2016-12-19,24687
2016-12-20,24557
2016-12-21,24643
2016-12-22,24687
2016-12-23,24776
2016-12-26,24877
2016-12-27,25029
2016-12-28,24733
2016-12-29,24497
2016-12-30,24607
2017-01-02,24807
2017-01-03,24861
2017-01-04,24881
2017-01-05,24911
2017-01-06,24939
2017-01-09,24979
2017-01-10,25038
2017-01-11,24993
2017-01-12,24980
2017-01-13,25003
2017-01-16,24900
2017-01-17,24859
2017-01-18,24848
2017-01-19,24845
2017-01-20,24867
2017-01-23,24805
2017-01-24,24750
2017-01-25,24716
2017-01-26,24890
2017-01-27,24859
2017-01-30,24580
2017-01-31,31225
2017-02-01,31108
2017-02-02,31107
2017-02-03,31100
2017-02-06,31117
2017-02-07,31089
2017-02-08,31466
2017-02-09,31321
2017-02-10,31247
2017-02-13,31259
2017-02-14,31191
2017-02-15,32687
2017-02-16,31172
2017-02-17,31208
2017-02-20,31748
2017-02-21,32256
2017-02-22,31793
2017-02-23,31777
2017-02-24,31793
2017-03-01,31823
2017-03-02,32390
2017-03-03,32359
2017-03-06,34462
2017-03-07,34077
2017-03-08,34044
2017-03-09,33989
2017-03-10,34063
2017-03-13,34637
2017-03-14,34654
2017-03-15,34443
2017-03-16,34384
2017-03-17,34384
2017-03-20,35029
2017-03-21,35055
2017-03-22,34978
2017-03-23,34889
2017-03-27,34768
2017-03-28,34511
2017-03-29,34477
2017-03-30,34608
2017-03-31,34644
2017-04-03,34827
2017-04-04,34843
2017-04-05,34803
2017-04-06,34778
2017-04-07,34467
2017-04-10,34483
2017-04-11,34488
2017-04-12,26985
2017-04-17,29237
2017-04-18,29025
2017-04-19,28970
2017-04-20,28984
2017-04-21,29056
2017-04-24,28993
2017-04-25,28922
2017-04-26,28912
2017-04-27,28891
2017-04-28,28677
2017-05-02,28663
2017-05-03,28588
2017-05-04,28554
2017-05-05,28466
2017-05-08,28891
2017-05-09,28887
2017-05-10,28799
2017-05-11,27669
2017-05-12,26869
2017-05-15,26773
2017-05-16,26710
2017-05-17,26568
2017-05-18,26505
2017-05-19,26485
2017-05-22,26426
2017-05-23,26584
2017-05-24,26534
2017-05-26,26807
2017-05-29,26609
2017-05-30,26529
2017-05-31,27060
2017-06-01,26975
2017-06-02,26721
2017-06-05,26794
2017-06-06,26806
2017-06-07,26683
2017-06-08,26507
2017-06-09,26507
2017-06-12,26472
2017-06-13,26322
2017-06-14,26799
2017-06-15,26441
2017-06-16,26170
2017-06-19,26149
2017-06-21,25942
2017-06-22,25818
2017-06-23,26385
2017-06-26,26510
2017-06-27,26341
2017-06-28,26299
2017-06-29,26170
2017-06-30,26052
2017-07-03,26378
2017-07-04,29414
2017-07-05,29442
2017-07-06,29491
2017-07-07,29517
2017-07-10,29857
2017-07-11,29200
2017-07-12,29260
2017-07-13,29259
2017-07-14,28993
2017-07-17,29199
2017-07-18,29139
2017-07-19,29125
2017-07-20,29147
2017-07-21,29722
2017-07-24,29581
2017-07-25,29519
2017-07-26,29201
2017-07-27,29224
2017-07-28,29063
2017-07-31,29219
2017-08-01,29321
2017-08-02,29327
2017-08-03,29324
2017-08-04,29385
2017-08-07,31441
2017-08-08,31473
2017-08-09,31484
2017-08-10,32016
2017-08-11,32043
2017-08-14,31683
2017-08-15,31777
2017-08-16,31739
2017-08-17,31800
2017-08-18,31261
2017-08-22,31289
2017-08-23,31189
2017-08-24,31219
2017-08-25,31274
2017-08-28,31286
2017-08-29,31310
2017-08-30,31273
2017-08-31,31200
2017-09-01,31229
2017-09-04,31234
2017-09-05,31287
2017-09-06,31306
2017-09-07,32326
2017-09-08,32302
2017-09-11,32360
2017-09-12,32314
2017-09-13,32325
2017-09-14,32292
2017-09-15,32050
2017-09-18,32065
2017-09-19,32106
2017-09-20,32200
2017-09-21,32408
2017-09-22,32317
2017-09-25,30162
2017-09-26,29947
2017-09-27,29938
2017-09-28,29946
2017-09-29,30236
2017-10-02,30277
2017-10-03,29174
2017-10-04,29235
2017-10-05,29247
2017-10-06,29259
2017-10-09,29280
2017-10-10,29331
2017-10-11,28793
2017-10-12,28720
2017-10-13,28720
2017-10-17,28757
2017-10-18,28942
2017-10-19,28982
2017-10-20,29017
2017-10-23,29028
2017-10-24,29030
2017-10-25,29007
2017-10-26,28189
2017-10-27,28504
2017-10-30,28510
2017-10-31,28653
2017-11-01,28721
2017-11-02,28690
2017-11-03,28739
2017-11-07,28654
2017-11-08,28651
2017-11-09,28646
2017-11-10,29631
2017-11-13,29643
2017-11-14,29616
2017-11-15,29606
2017-11-16,29570
2017-11-17,29552
2017-11-21,29691
2017-11-22,30100
2017-11-23,30095
2017-11-24,30365
2017-11-27,30391
2017-11-28,30380
2017-11-29,30580
2017-11-30,30682
2017-12-01,30644
2017-12-04,30638
2017-12-05,30554
2017-12-06,30538
2017-12-07,30582
2017-12-11,30652
2017-12-12,30565
2017-12-13,30634
2017-12-14,30232
2017-12-15,30378
2017-12-18,30465
2017-12-19,30424
2017-12-20,30569
2017-12-21,30679
2017-12-22,30790
2017-12-26,30168
2017-12-27,30348
2017-12-28,30428
2017-12-29,30388
2018-01-02,30580
2018-01-03,30473
2018-01-04,30354
2018-01-05,30198
2018-01-08,30082
2018-01-09,30033
2018-01-10,29831
2018-01-11,29896
2018-01-12,29738
2018-01-15,29759
2018-01-16,33071
2018-01-17,32956
2018-01-18,37405
2018-01-19,37360
2018-01-22,37261
2018-01-23,37224
2018-01-24,35619
2018-01-25,35567
2018-01-26,35006
2018-01-29,34937
2018-01-30,34897
2018-01-31,33352
2018-02-01,33433
2018-02-02,33383
2018-02-05,33352
2018-02-06,33373
2018-02-07,31452
2018-02-08,31323
2018-02-09,31077
2018-02-14,31213
2018-02-15,31174
2018-02-16,31220
2018-02-19,31275
2018-02-20,31282
2018-02-21,31347
2018-02-22,29527
2018-02-23,29522
2018-02-26,29562
2018-02-27,29569
2018-02-28,29554
2018-03-01,29658
2018-03-02,29678
2018-03-05,29743
2018-03-06,29773
2018-03-07,29771
2018-03-08,29747
2018-03-09,29777
2018-03-12,29825
2018-03-13,29865
2018-03-14,29780
2018-03-15,29825
2018-03-16,29755
2018-03-19,29800
2018-03-20,29783
2018-03-21,29762
2018-03-22,29748
2018-03-23,29726
2018-03-26,29879
2018-03-27,29872
2018-03-28,29856
2018-04-03,30016
2018-04-04,30045
2018-04-05,30050
2018-04-06,30105
2018-04-09,30125
2018-04-10,30101
2018-04-11,30053
2018-04-12,30415
2018-04-13,30355
2018-04-16,30355
2018-04-17,30380
2018-04-18,30453
2018-04-19,30417
2018-04-20,30336
2018-04-23,30324
2018-04-24,30334
2018-04-25,30276
2018-04-26,30378
2018-04-27,30399
2018-05-02,30557
2018-05-03,30485
2018-05-04,30360
2018-05-07,30413
2018-05-08,30335
2018-05-09,30278
2018-05-10,30246
2018-05-11,30109
2018-05-14,29878
2018-05-15,29739
2018-05-16,29713
2018-05-17,29499
2018-05-18,30196
2018-05-21,30124
2018-05-22,30046
2018-05-23,29711
2018-05-24,29638
2018-05-28,29254
2018-05-29,29976
2018-05-30,29562
2018-05-31,29680
2018-06-01,29617
2018-06-04,29891
2018-06-05,29882
2018-06-06,29843
2018-06-07,29539
2018-06-08,30355
2018-06-11,30368
2018-06-12,30436
2018-06-13,29450
2018-06-14,29457
2018-06-15,29546
2018-06-18,29580
2018-06-19,29520
2018-06-21,30369
2018-06-22,30482
2018-06-25,30569
2018-06-26,30586
2018-06-27,30497
2018-06-28,30481
2018-06-29,30883
2018-07-02,30763
2018-07-03,30847
2018-07-04,30943
2018-07-05,30930
2018-07-06,30991
2018-07-10,30986
2018-07-11,30984
2018-07-12,30922
2018-07-13,30970
2018-07-16,30978
2018-07-17,30966
2018-07-18,31210
2018-07-19,31153
2018-07-20,31175
2018-07-23,31157
2018-07-24,31105
2018-07-25,31021
2018-07-26,30955
2018-07-27,31062
2018-07-30,31227
2018-07-31,30749
2018-08-01,30764
2018-08-02,30842
2018-08-03,30930
2018-08-06,30849
2018-08-07,30815
2018-08-08,30778
2018-08-09,30797
2018-08-10,31199
2018-08-13,31242
2018-08-14,31757
2018-08-15,31849
2018-08-16,31945
2018-08-17,32093
2018-08-21,32070
2018-08-22,32098
2018-08-23,32053
2018-08-24,32314
2018-08-27,32401
2018-08-28,32317
2018-08-29,32341
2018-08-30,32122
2018-08-31,31818
2018-09-03,31635
2018-09-04,31366
2018-09-05,31201
2018-09-06,31090
2018-09-07,30987
2018-09-10,30866
2018-09-11,30823
2018-09-12,30292
2018-09-13,30165
2018-09-14,30212
2018-09-17,30338
2018-09-18,30364
2018-09-19,30432
2018-09-20,30417
2018-09-21,30399
2018-09-24,30417
2018-09-25,30372
2018-09-26,30369
2018-09-27,30283
2018-09-28,30616
2018-10-01,30574
2018-10-02,30626
2018-10-03,30636
2018-10-04,30610
2018-10-05,30567
2018-10-08,30585
2018-10-09,30548
2018-10-10,30489
2018-10-11,30482
2018-10-12,30619
2018-10-16,30607
2018-10-17,30769
2018-10-18,30908
2018-10-19,30832
2018-10-22,30774
2018-10-23,30723
2018-10-24,30708
2018-10-25,30692
2018-10-26,30585
2018-10-29,30453
2018-10-30,30545
2018-10-31,30651
2018-11-01,30722
2018-11-02,30702
2018-11-05,30693
2018-11-07,30832
2018-11-08,31082
2018-11-09,30992
2018-11-12,30980
2018-11-13,30948
2018-11-14,30916
2018-11-15,30821
2018-11-16,30814
2018-11-20,30843
2018-11-21,30812
2018-11-22,30776
2018-11-23,30770
2018-11-26,30769
2018-11-27,30782
2018-11-28,30749
2018-11-29,31718
2018-12-03,32201
2018-12-04,32281
2018-12-05,32247
2018-12-06,32156
2018-12-07,32505
2018-12-10,32507
2018-12-11,32527
2018-12-12,32553
2018-12-13,32614
2018-12-14,32643
2018-12-17,32692
2018-12-18,32782
2018-12-19,32862
2018-12-20,32918
2018-12-21,33042
2018-12-26,33116
2018-12-27,32950
2018-12-28,33101
2019-01-02,33129
2019-01-03,33298
2019-01-04,33577
2019-01-07,33619
2019-01-08,33690
2019-01-09,33714
2019-01-10,33731
2019-01-11,33539
2019-01-14,33585
2019-01-15,33632
2019-01-16,33581
2019-01-17,33547
2019-01-18,33500
2019-01-21,33490
2019-01-22,33456
2019-01-23,33105
2019-01-24,32776
2019-01-25,32732
2019-01-28,32783
2019-01-29,32793
2019-01-30,32807
2019-01-31,32870
2019-02-01,32871
2019-02-04,32876
2019-02-05,32907
2019-02-06,32934
2019-02-07,33077
2019-02-08,33263
2019-02-11,33174
2019-02-12,33195
2019-02-13,33193
2019-02-14,33202
2019-02-15,32926
2019-02-18,32867
2019-02-19,32937
2019-02-20,33004
2019-02-21,33067
2019-02-22,33196
2019-02-25,33044
2019-02-26,33019
2019-02-27,32994
2019-02-28,33020
2019-03-01,33050
2019-03-06,33067
2019-03-07,33051
2019-03-08,33083
2019-03-11,33071
2019-03-12,33038
2019-03-13,33132
2019-03-14,33115
2019-03-15,35183
2019-03-18,35233
2019-03-19,35187
2019-03-20,35181
2019-03-21,35071
2019-03-22,35006
2019-03-25,35004
2019-03-26,34940
2019-03-27,35114
2019-03-28,34681
2019-03-29,34933
2019-04-01,35080
2019-04-03,34968
2019-04-04,34895
2019-04-05,34848
2019-04-08,34865
2019-04-09,34817
2019-04-10,34870
2019-04-11,34801
2019-04-12,34880
2019-04-15,34802
2019-04-16,34781
2019-04-17,34663
2019-04-22,34816
2019-04-23,34856
2019-04-24,34742
2019-04-25,34531
2019-04-26,34478
2019-04-29,34381
2019-04-30,34462
2019-05-02,34445
2019-05-03,34445
2019-05-06,34413
2019-05-07,35233
2019-05-08,35357
2019-05-09,35323
2019-05-10,35223
2019-05-13,35127
2019-05-14,35017
2019-05-15,34957
2019-05-16,34910
2019-05-17,34933
2019-05-20,34990
2019-05-21,35047
2019-05-22,34927
2019-05-23,34989
2019-05-24,35025
2019-05-27,35109
2019-05-28,35188
2019-05-29,35338
2019-05-30,35279
2019-05-31,35324
2019-06-03,35384
2019-06-04,35376
2019-06-05,35387
2019-06-06,35302
2019-06-07,35343
2019-06-10,35458
2019-06-11,35396
2019-06-12,35423
2019-06-13,34710
2019-06-14,34094
2019-06-18,34070
2019-06-19,34045
2019-06-21,34112
2019-06-24,34140
2019-06-25,34186
2019-06-26,34674
2019-06-27,34606
2019-06-28,34174
2019-07-01,34613
2019-07-02,34596
2019-07-03,33759
2019-07-04,33811
2019-07-05,33789
2019-07-10,33864
2019-07-11,33799
2019-07-12,33843
2019-07-15,33810
2019-07-16,34105
2019-07-17,34447
2019-07-18,34452
2019-07-19,34692
2019-07-22,34776
2019-07-23,34762
2019-07-24,34811
2019-07-25,34953
2019-07-26,35079
2019-07-29,35054
2019-07-30,35101
2019-07-31,35089
2019-08-01,35200
2019-08-02,35114
2019-08-05,35162
2019-08-06,35220
2019-08-07,35202
2019-08-08,35171
2019-08-09,35235
2019-08-12,34975
2019-08-13,34434
2019-08-14,33963
2019-08-15,33577
2019-08-16,33204
2019-08-20,32737
2019-08-21,32423
2019-08-22,32156
2019-08-23,31954
2019-08-26,31779
2019-08-27,31651
2019-08-28,31236
2019-08-29,30413
2019-08-30,29488
2019-09-02,28505
2019-09-03,27783
2019-09-04,27006
2019-09-05,26411
2019-09-06,26031
2019-09-09,25755
2019-09-10,25587
2019-09-11,25357
2019-09-12,25196
2019-09-13,24989
2019-09-16,24848
2019-09-17,24742
2019-09-18,24635
2019-09-19,24308
2019-09-20,24131
2019-09-23,24060
2019-09-24,23903
2019-09-25,23730
2019-09-26,23632
2019-09-27,23824
2019-09-30,23807
2019-10-01,23801
2019-10-02,23719
2019-10-03,23660
2019-10-04,23583
2019-10-07,23485
2019-10-08,23370
2019-10-09,23321
2019-10-10,23208
2019-10-11,23432
2019-10-15,23427
2019-10-16,23336
2019-10-17,23387
2019-10-18,23317
2019-10-21,23280
2019-10-22,23029
2019-10-23,22812
2019-10-24,22401
2019-10-25,22273
2019-10-28,21968
2019-10-29,21628
2019-10-30,21487
2019-10-31,21459
2019-11-01,21328
2019-11-04,21119
2019-11-05,21039
2019-11-07,21099
2019-11-08,21028
2019-11-11,21071
2019-11-12,20961
2019-11-13,20834
2019-11-14,20782
2019-11-15,20949
2019-11-19,20943
2019-11-20,20839
2019-11-21,20776
2019-11-22,20788
2019-11-25,20726
2019-11-26,20671
2019-11-27,20589
2019-11-28,20772
2019-11-29,20787
2019-12-02,20588
2019-12-03,20558
2019-12-04,20626
2019-12-05,20613
2019-12-06,20615
2019-12-09,20603
2019-12-10,20507
2019-12-11,20417
2019-12-12,20438
2019-12-13,20378
2019-12-16,20379
2019-12-17,20465
2019-12-18,20516
2019-12-19,20614
2019-12-20,20676
2019-12-23,20808
2019-12-26,21118
2019-12-27,21541
2019-12-30,21885
2020-01-02,21953
2020-01-03,21889
2020-01-06,21823
2020-01-07,21764
2020-01-08,21780
2020-01-09,21748
2020-01-10,21689
2020-01-13,21623
2020-01-14,21610
2020-01-15,21588
2020-01-16,21530
2020-01-17,21517
2020-01-20,21513
2020-01-21,21489
2020-01-22,21459
2020-01-23,21451
2020-01-24,21416
2020-01-27,21383
2020-01-28,21338
2020-01-29,21300
2020-01-30,21272
2020-01-31,21290
2020-02-03,21239
2020-02-04,21190
2020-02-05,21207
2020-02-06,21190
2020-02-07,21171
2020-02-10,21147
2020-02-11,21179
2020-02-12,21194
2020-02-13,21215
2020-02-14,21192
2020-02-17,21226
2020-02-18,21079
2020-02-19,21263
2020-02-20,21060
2020-02-21,21056
2020-02-26,21035
2020-02-27,21006
2020-02-28,21044
2020-03-02,21035
2020-03-03,20957
2020-03-04,20937
2020-03-05,20941
2020-03-06,20936
2020-03-09,20943
2020-03-10,20908
2020-03-11,20887
2020-03-12,20873
2020-03-13,20733
2020-03-16,20685
2020-03-17,20644
2020-03-18,20626
2020-03-19,20550
2020-03-20,20504
2020-03-25,20502
2020-03-26,20563
2020-03-27,20534
2020-03-30,20611
2020-04-01,20556
2020-04-02,20572
2020-04-03,20575
2020-04-06,20508
2020-04-07,20521
2020-04-08,20580
2020-04-13,20591
2020-04-14,20576
2020-04-15,20628
2020-04-16,20667
2020-04-17,20713
2020-04-20,20621
2020-04-21,20534
2020-04-22,20485
2020-04-23,20389
2020-04-24,20321
2020-04-27,20302
2020-04-28,20277
2020-04-29,20212
2020-04-30,20219
2020-05-04,20026
2020-05-05,19975
2020-05-06,19903
2020-05-07,19858
2020-05-08,19796
2020-05-11,19778
2020-05-12,19736
2020-05-13,19672
2020-05-14,19587
2020-05-15,19537
2020-05-18,19494
2020-05-19,19467
2020-05-20,19439
2020-05-21,19417
2020-05-22,19386
2020-05-26,19353
2020-05-27,19328
2020-05-28,19252
2020-05-29,19242
2020-06-01,19284
2020-06-02,19272
2020-06-03,19251
2020-06-04,19249
2020-06-05,19246
2020-06-08,19299
2020-06-09,19269
2020-06-10,19223
2020-06-11,19199
2020-06-12,19231
2020-06-16,19217
2020-06-17,19181
2020-06-18,19167
2020-06-19,19130
2020-06-22,19110
2020-06-23,19126
2020-06-24,19141
2020-06-25,19126
2020-06-26,19105
2020-06-29,19126
2020-06-30,19123
2020-07-01,19253
2020-07-02,19270
2020-07-03,19288
2020-07-06,19313
2020-07-07,19309
2020-07-08,19271
2020-07-13,19279
2020-07-14,19352
2020-07-15,19351
2020-07-16,19345
2020-07-17,19396
2020-07-20,19327
2020-07-21,19352
2020-07-22,19301
2020-07-23,19274
2020-07-24,19272
2020-07-27,19255
2020-07-28,19282
2020-07-29,19245
2020-07-30,19232
2020-07-31,19296
2020-08-03,19395
2020-08-04,19482
2020-08-05,19502
2020-08-06,19515
2020-08-07,19545
2020-08-10,19567
2020-08-11,19585
2020-08-12,19579
2020-08-13,19574
2020-08-14,19527
2020-08-18,19522
2020-08-19,19526
2020-08-20,19530
2020-08-21,19519
2020-08-24,19516
2020-08-25,19537
2020-08-26,19526
2020-08-27,19532
2020-08-28,19463
2020-08-31,19445
2020-09-01,19593
2020-09-02,19659
2020-09-03,19673
2020-09-04,19681
2020-09-07,19710
2020-09-08,19752
2020-09-09,19802
2020-09-10,19748
2020-09-11,19733
2020-09-14,19746
2020-09-15,19713
2020-09-16,19677
2020-09-17,19655
2020-09-18,19550
2020-09-21,19479
2020-09-22,19369
2020-09-23,19168
2020-09-24,18912
2020-09-25,18737
2020-09-28,18663
2020-09-29,18517
2020-09-30,18401
2020-10-01,18323
2020-10-02,18215
2020-10-05,18132
2020-10-06,18055
2020-10-07,18002
2020-10-08,17944
2020-10-09,17851
2020-10-13,17785
2020-10-14,17729
2020-10-15,17663
2020-10-16,17610
2020-10-19,17551
2020-10-20,17493
2020-10-21,17398
2020-10-22,17352
2020-10-23,17263
2020-10-26,17192
2020-10-27,17110
2020-10-28,17096
2020-10-29,17046
2020-10-30,16995
2020-11-02,17038
2020-11-03,17019
2020-11-04,16984
2020-11-05,16973
2020-11-09,16945
2020-11-10,16938
2020-11-11,16934
2020-11-12,16973
2020-11-13,16956
2020-11-16,16949
2020-11-17,16962
2020-11-18,16976
2020-11-19,16973
2020-11-20,17020
2020-11-24,16986
2020-11-25,17010
2020-11-26,17010
2020-11-27,17018
2020-11-30,16991
2020-12-01,17041
2020-12-02,17064
2020-12-03,17173
2020-12-04,17338
2020-12-09,17380
2020-12-10,17612
2020-12-11,17622
2020-12-14,17625
2020-12-15,17707
2020-12-16,17773
2020-12-17,17792
2020-12-18,17889
2020-12-21,17971
2020-12-22,17956
2020-12-23,18068
2020-12-28,18397
2020-12-29,18570
2020-12-30,18708
2021-01-04,18665
2021-01-05,18604
2021-01-06,18561
2021-01-07,18521
2021-01-08,18477
2021-01-11,18461
2021-01-12,18444
2021-01-13,18415
2021-01-14,18423
2021-01-15,18396
2021-01-18,18405
2021-01-19,18389
2021-01-20,18379
2021-01-21,18372
2021-01-22,18351
2021-01-25,18329
2021-01-26,18332
2021-01-27,18318
2021-01-28,18349
2021-01-29,18354
2021-02-01,18384
2021-02-02,18389
2021-02-03,18372
2021-02-04,18381
2021-02-05,18357
2021-02-08,18390
2021-02-09,18432
2021-02-10,18466
2021-02-11,18510
2021-02-12,18517
2021-02-17,18327
2021-02-18,18338
2021-02-19,18339
2021-02-22,18349
2021-02-23,18377
2021-02-24,18346
2021-02-25,18341
2021-02-26,18352
2021-03-01,18361
2021-03-02,18377
2021-03-03,18365
2021-03-04,18388
2021-03-05,18442
2021-03-08,18441
2021-03-09,18455
2021-03-10,18436
2021-03-11,18467
2021-03-12,18460
2021-03-15,18454
2021-03-16,18450
2021-03-17,18433
2021-03-18,18430
2021-03-19,18469
2021-03-22,18505
2021-03-23,18537
2021-03-25,18581
2021-03-26,18488
2021-03-29,18491
2021-03-30,18490
2021-03-31,18513
2021-04-05,18529
2021-04-06,18541
2021-04-07,18567
2021-04-08,18601
2021-04-09,18635
2021-04-12,18550
2021-04-13,18565
2021-04-14,18558
2021-04-15,18562
2021-04-16,18551
2021-04-19,18544
2021-04-20,18537
2021-04-21,18525
2021-04-22,18509
2021-04-23,18518
2021-04-26,18513
2021-04-27,18515
2021-04-28,18507
2021-04-29,18553
2021-04-30,18594
2021-05-03,18604
2021-05-04,18595
2021-05-05,18601
2021-05-06,18583
2021-05-07,18611
2021-05-10,18725
2021-05-11,18744
2021-05-12,18748
2021-05-13,18775
2021-05-14,18712
2021-05-17,18706
2021-05-18,18705
2021-05-19,18716
2021-05-20,18746
2021-05-21,18806
2021-05-26,18817
2021-05-27,18829
2021-05-28,18874
2021-05-31,18817
2021-06-01,18822
2021-06-02,18814
2021-06-03,18848
2021-06-04,18886
2021-06-07,18891
2021-06-08,18924
2021-06-09,18907
2021-06-10,19011
2021-06-11,18985
2021-06-14,18880
2021-06-15,18864
2021-06-16,18862
2021-06-17,18755
2021-06-18,18808
2021-06-22,18804
2021-06-23,18808
2021-06-24,18820
2021-06-25,18818
2021-06-28,18836
2021-06-29,18851
2021-06-30,18821
2021-07-01,18816
2021-07-02,18825
2021-07-05,18861
2021-07-06,18864
2021-07-07,18876
2021-07-08,18912
2021-07-12,18933
2021-07-13,18952
2021-07-14,18962
2021-07-15,18926
2021-07-16,18905
2021-07-19,18914
2021-07-20,18909
2021-07-21,18868
2021-07-22,18860
2021-07-23,18850
2021-07-26,18856
2021-07-27,18880
2021-07-28,18905
2021-07-29,18914
2021-07-30,18958
2021-08-02,19000
2021-08-03,19008
2021-08-04,18997
2021-08-05,18988
2021-08-06,19071
2021-08-09,19082
2021-08-10,19046
2021-08-11,19064
2021-08-12,18994
2021-08-13,18987
2021-08-17,18970
2021-08-18,18987
2021-08-19,18990
2021-08-20,18998
2021-08-23,18983
2021-08-24,19003
2021-08-25,18985
2021-08-26,18990
2021-08-27,18939
2021-08-30,18938
2021-08-31,19044
2021-09-01,19076
2021-09-02,18908
2021-09-03,18859
2021-09-06,18904
2021-09-07,18910
2021-09-08,18907
2021-09-09,18907
2021-09-10,18881
2021-09-13,18892
2021-09-14,18895
2021-09-15,18913
2021-09-16,18914
2021-09-17,18874
2021-09-20,18872
2021-09-21,18873
2021-09-22,18839
2021-09-23,18828
2021-09-24,19038
2021-09-27,19066
2021-09-28,19065
2021-09-29,19062
2021-09-30,19147
2021-10-01,19132
2021-10-04,19151
2021-10-05,19187
2021-10-06,19155
2021-10-07,19141
2021-10-12,19111
2021-10-13,19085
2021-10-14,19055
2021-10-15,19013
2021-10-18,19024
2021-10-19,18990
2021-10-20,18988
2021-10-21,18927
2021-10-22,18951
2021-10-25,18925
2021-10-26,18952
2021-10-27,18917
2021-10-28,18953
2021-10-29,18945
2021-11-01,18950
2021-11-02,18959
2021-11-03,18914
2021-11-04,19029
2021-11-05,18944
2021-11-08,18928
2021-11-09,18891
2021-11-10,18901
2021-11-11,18837
2021-11-12,18703
2021-11-15,18739
2021-11-16,18720
2021-11-17,18725
2021-11-18,18714
2021-11-19,18687
2021-11-23,18676
2021-11-24,18700
2021-11-25,18689
2021-11-26,18635
2021-11-29,18421
2021-11-30,18186
2021-12-01,18097
2021-12-02,18054
2021-12-03,18068
2021-12-06,18006
2021-12-07,18071
2021-12-09,18043
2021-12-10,18067
2021-12-13,18075
2021-12-14,17957
2021-12-15,18090
2021-12-16,18078
2021-12-17,18089
2021-12-20,18155
2021-12-21,18220
2021-12-22,18266
2021-12-23,18409
2021-12-27,18540
2021-12-28,18682
2021-12-29,18817
2021-12-30,18912
2022-01-03,18850
2022-01-04,18813
2022-01-05,18801
2022-01-06,18786
2022-01-07,18771
2022-01-10,18830
2022-01-11,18833
2022-01-12,18843
2022-01-13,18860
2022-01-14,18853
2022-01-17,18857
2022-01-18,18846
2022-01-19,18803
2022-01-20,18687
2022-01-21,18653
2022-01-24,18628
2022-01-25,18600
2022-01-26,18581
2022-01-27,18531
2022-01-28,18553
2022-01-31,18549
2022-02-01,18558
2022-02-02,18554
2022-02-03,18551
2022-02-04,18520
2022-02-07,18515
2022-02-08,18504
2022-02-09,18515
2022-02-10,18512
2022-02-11,18532
2022-02-14,18464
2022-02-15,18449
2022-02-16,18446
2022-02-17,18442
2022-02-18,18433
2022-02-21,18471
2022-02-22,18506
2022-02-23,18509
2022-02-24,18498
2022-02-25,18345
2022-03-02,18384
2022-03-03,18395
2022-03-04,18398
2022-03-07,18425
2022-03-08,18443
2022-03-09,18455
2022-03-10,18470
2022-03-11,18478
2022-03-14,18456
2022-03-15,18367
2022-03-16,18393
2022-03-17,18414
2022-03-18,18428
2022-03-21,18456
2022-03-22,18489
2022-03-23,18339
2022-03-25,18319
2022-03-28,18350
2022-03-29,18395
2022-03-30,18382
2022-03-31,18373
2022-04-01,18391
2022-04-04,18415
2022-04-05,18430
2022-04-06,18455
2022-04-07,18469
2022-04-08,18471
2022-04-11,18455
2022-04-12,18422
2022-04-13,18427
2022-04-18,18431
2022-04-19,18436
2022-04-20,18442
2022-04-21,18432
2022-04-22,18397
2022-04-25,18419
2022-04-26,18425
2022-04-27,18434
2022-04-28,18481
2022-04-29,18454
2022-05-02,18489
2022-05-03,18507
2022-05-04,18508
2022-05-05,18507
2022-05-06,18482
2022-05-09,18484
2022-05-10,18503
2022-05-11,18520
2022-05-12,18523
2022-05-13,18465
2022-05-16,18465
2022-05-17,18467
2022-05-19,18447
2022-05-20,18467
2022-05-23,18474
2022-05-24,18484
2022-05-26,18465
2022-05-27,18486
2022-05-30,18477
2022-05-31,18431
2022-06-01,18458
2022-06-02,18462
2022-06-03,18465
2022-06-06,18491
2022-06-07,18530
2022-06-08,18538
2022-06-09,18522
2022-06-10,18517
2022-06-13,18535
2022-06-14,18491
2022-06-15,18499
2022-06-16,18513
2022-06-21,18516
2022-06-22,18491
2022-06-23,18551
2022-06-24,18568
2022-06-27,18580
2022-06-28,18564
2022-06-29,18524
2022-06-30,18514
2022-07-01,18643
2022-07-04,18506
2022-07-05,18433
2022-07-06,18367
2022-07-07,18274
2022-07-08,18320
2022-07-11,18281
2022-07-12,18267
2022-07-13,18212
2022-07-14,18194
2022-07-15,18151
2022-07-18,18120
2022-07-19,18089
2022-07-20,18085
2022-07-21,17945
2022-07-22,17837
2022-07-25,17789
2022-07-26,17745
2022-07-27,17730
2022-07-28,17733
2022-07-29,17681
2022-08-01,17724
2022-08-02,17741
2022-08-03,17765
2022-08-04,17783
2022-08-05,17658
2022-08-08,17649
2022-08-09,17601
2022-08-10,17571
2022-08-11,17551
2022-08-12,17514
2022-08-16,17482
2022-08-17,17479
2022-08-18,17485
2022-08-19,17472
2022-08-22,17456
2022-08-23,17445
2022-08-24,17467
2022-08-25,17466
2022-08-26,17475
2022-08-29,17497
2022-08-30,17523
2022-08-31,17406
2022-09-01,17419
2022-09-05,17429
2022-09-06,17434
2022-09-07,17405
2022-09-08,17421
2022-09-09,17414
2022-09-12,17420
2022-09-13,17437
2022-09-14,17470
2022-09-15,17462
2022-09-16,17480
2022-09-19,17494
2022-09-20,17515
2022-09-21,17475
2022-09-22,17491
2022-09-23,17480
2022-09-26,17494
2022-09-27,17466
2022-09-28,17460
2022-09-29,17471
2022-09-30,17472
2022-10-03,17488
2022-10-04,17487
2022-10-05,17488
2022-10-06,17487
2022-10-11,17496
2022-10-12,17484
2022-10-13,17572
2022-10-14,17493
2022-10-17,17489
2022-10-18,17503
2022-10-19,17505
2022-10-20,17501
2022-10-21,17532
2022-10-24,17553
2022-10-25,17608
2022-10-26,17640
2022-10-27,17688
2022-10-28,17564
2022-10-31,17592
2022-11-01,17576
2022-11-02,17811
2022-11-03,17853
2022-11-04,17940
2022-11-07,17996
2022-11-08,17955
2022-11-09,17950
2022-11-10,17946
2022-11-11,17957
2022-11-14,18104
2022-11-15,18135
2022-11-16,18189
2022-11-17,18237
2022-11-18,18234
2022-11-22,18256
2022-11-23,18249
2022-11-24,18265
2022-11-25,18251
2022-11-28,18266
2022-11-29,18265
2022-11-30,18347
2022-12-01,18314
2022-12-02,18332
2022-12-05,18472
2022-12-06,18518
2022-12-07,18519
2022-12-12,18548
2022-12-13,18560
2022-12-14,18570
2022-12-15,18607
2022-12-16,18677
2022-12-19,18733
2022-12-20,18842
2022-12-21,18921
2022-12-22,18992
2022-12-23,19085
2022-12-26,19291
2022-12-27,19327
2022-12-28,19449
2022-12-29,19486
2022-12-30,19445
2023-01-02,19418
2023-01-03,19443
2023-01-04,19460
2023-01-05,19455
2023-01-06,19457
2023-01-09,19646
2023-01-10,19656
2023-01-11,19626
2023-01-12,19636
2023-01-13,19617
2023-01-16,19603
2023-01-17,19587
2023-01-18,19571
2023-01-19,19519
2023-01-20,19502
2023-01-23,19508
2023-01-24,19514
2023-01-25,19499
2023-01-26,19494
2023-01-27,19545
2023-01-30,19633
2023-01-31,19638
2023-02-01,19656
2023-02-02,19669
2023-02-03,19553
2023-02-06,19560
2023-02-07,19566
2023-02-08,19555
2023-02-09,19555
2023-02-10,19581
2023-02-13,19621
2023-02-14,19568
2023-02-15,19564
2023-02-16,19580
2023-02-17,19587
2023-02-22,19621
2023-02-23,19665
2023-02-24,19677
2023-02-27,19576
2023-02-28,19412
2023-03-01,19412
2023-03-02,19419
2023-03-03,19407
2023-03-06,19447
2023-03-07,19472
2023-03-08,19450
2023-03-09,19460
2023-03-10,19446
2023-03-13,19449
2023-03-14,19422
2023-03-15,19464
2023-03-16,19468
2023-03-17,19461
2023-03-20,19491
2023-03-21,19451
2023-03-22,19264
2023-03-23,19185
2023-03-27,19123
2023-03-28,18988
2023-03-29,18960
2023-03-30,18897
2023-03-31,18835
2023-04-03,18808
2023-04-04,18782
2023-04-05,18748
2023-04-10,18753
2023-04-11,18715
2023-04-12,18614
2023-04-13,18650
2023-04-14,18596
2023-04-17,18472
2023-04-18,18495
2023-04-19,18479
2023-04-20,18436
2023-04-21,18319
2023-04-24,18270
2023-04-25,18116
2023-04-26,17917
2023-04-27,17858
2023-04-28,17892
2023-05-02,17903
2023-05-03,17900
2023-05-04,17943
2023-05-05,17831
2023-05-08,17841
2023-05-09,17821
2023-05-10,17856
2023-05-11,17846
2023-05-12,17793
2023-05-15,17790
2023-05-16,17819
2023-05-17,17863
2023-05-18,17890
2023-05-19,17880
2023-05-22,17817
2023-05-23,17825
2023-05-24,17827
2023-05-29,17874
2023-05-30,17841
2023-05-31,17791
2023-06-01,17825
2023-06-02,17796
2023-06-05,17845
2023-06-06,17767
2023-06-07,17777
2023-06-08,17767
2023-06-09,17610
2023-06-12,17586
2023-06-13,17639
2023-06-14,17513
2023-06-15,17467
2023-06-16,17474
2023-06-21,17458
2023-06-22,17510
2023-06-23,17502
2023-06-26,17506
2023-06-27,17501
2023-06-28,17596
2023-06-29,17594
2023-06-30,17566
2023-07-03,17625
2023-07-04,17767
2023-07-05,17690
2023-07-06,17688
2023-07-07,17744
2023-07-10,17909
2023-07-11,17938
2023-07-12,17928
2023-07-13,17919
2023-07-14,17945
2023-07-17,17931
2023-07-18,17939
2023-07-19,17963
2023-07-20,17947
2023-07-21,17848
2023-07-24,17819
2023-07-25,17741
2023-07-26,17743
2023-07-27,17777
2023-07-28,17947
2023-07-31,17984
2023-08-01,18063
2023-08-02,17928
2023-08-03,17901
2023-08-04,17893
2023-08-07,17980
2023-08-08,17861
2023-08-09,17758
2023-08-10,17654
2023-08-11,17615
2023-08-14,17639
2023-08-15,17609
2023-08-16,17527
2023-08-17,17491
2023-08-18,17424
2023-08-22,17410
2023-08-23,17384
2023-08-24,17382
2023-08-25,17341
2023-08-28,17353
2023-08-29,17369
2023-08-30,17248
2023-08-31,17075
2023-09-01,17091
2023-09-04,17090
2023-09-05,17123
2023-09-06,17122
2023-09-07,17103
2023-09-08,17105
2023-09-11,17153
2023-09-12,17172
2023-09-13,17142
2023-09-14,17134
2023-09-15,17122
2023-09-18,17137
2023-09-19,17150
2023-09-20,17123
2023-09-21,17137
2023-09-22,17092
2023-09-25,17134
2023-09-26,17133
2023-09-27,17087
2023-09-28,17083
2023-09-29,17054
2023-10-02,17135
2023-10-03,17115
2023-10-04,17119
2023-10-05,17128
2023-10-06,17106
2023-10-09,17119
2023-10-10,16992
2023-10-11,16847
2023-10-12,16785
2023-10-17,16727
2023-10-18,16690
2023-10-19,16636
2023-10-20,16551
2023-10-23,16581
2023-10-24,16609
2023-10-25,16599
2023-10-26,16670
2023-10-27,16675
2023-10-30,16734
2023-10-31,16696
2023-11-01,16710
2023-11-02,16720
2023-11-03,16728
2023-11-07,16812
2023-11-08,16760
2023-11-09,16821
2023-11-10,16788
2023-11-13,16818
2023-11-14,16838
2023-11-15,16769
2023-11-16,16705
2023-11-17,16587
2023-11-21,16588
2023-11-22,16639
2023-11-23,16600
2023-11-24,16563
2023-11-27,16562
2023-11-28,16584
2023-11-29,16622
2023-11-30,16484
2023-12-01,16509
2023-12-04,16513
2023-12-05,16527
2023-12-06,16448
2023-12-07,16479
2023-12-11,16457
2023-12-12,16450
2023-12-13,16436
2023-12-14,16474
2023-12-15,16564
2023-12-18,16651
2023-12-19,16732
2023-12-20,16794
2023-12-21,16942
2023-12-22,17068
2023-12-26,17262
2023-12-27,17559
2023-12-28,17854
2023-12-29,18155
2024-01-02,18084
2024-01-03,18061
2024-01-04,18057
2024-01-05,18036
2024-01-08,18072
2024-01-09,18314
2024-01-10,18326
2024-01-11,18346
2024-01-12,18353
2024-01-15,18356
2024-01-16,18384
2024-01-17,18419
2024-01-18,18400
2024-01-19,18420
2024-01-22,18419
2024-01-23,18381
2024-01-24,18350
2024-01-25,18358
2024-01-26,18380
2024-01-29,18471
2024-01-30,18522
2024-01-31,18565
2024-02-01,18638
2024-02-02,18519
2024-02-05,18477
2024-02-06,18502
2024-02-07,18520
2024-02-08,18448
2024-02-09,18423
2024-02-14,18434
2024-02-15,18460
2024-02-16,18488
2024-02-19,18520
2024-02-20,18530
2024-02-21,18556
2024-02-22,18586
2024-02-23,18634
2024-02-26,18715
2024-02-27,18757
2024-02-28,18789
2024-02-29,18484
2024-03-01,18478
2024-03-04,18457
2024-03-05,18508
2024-03-06,18537
2024-03-07,18541
2024-03-08,18533
2024-03-11,18554
2024-03-12,18541
2024-03-13,18562
2024-03-14,18616
2024-03-15,18644
2024-03-18,18685
2024-03-19,18745
2024-03-20,18776
2024-03-21,18794
2024-03-22,18784
2024-03-25,18833
2024-03-26,18905
2024-03-27,18924
2024-04-03,18957
2024-04-04,19015
2024-04-05,19042
2024-04-08,19016
2024-04-09,19042
2024-04-10,19056
2024-04-11,19059
2024-04-12,19070
2024-04-15,19062
2024-04-16,19145
2024-04-17,19155
2024-04-18,19176
2024-04-19,19191
2024-04-22,19277
2024-04-23,19290
2024-04-24,19325
2024-04-25,19183
2024-04-26,19200
2024-04-29,19212
2024-04-30,19213
2024-05-02,19245
2024-05-03,19220
2024-05-06,19234
2024-05-07,19236
2024-05-08,19256
2024-05-09,19257
2024-05-10,19285
2024-05-13,19331
2024-05-14,19361
2024-05-15,19342
2024-05-16,19330
2024-05-17,19423
2024-05-20,19417
2024-05-21,19482
2024-05-22,19514
2024-05-23,19506
2024-05-24,19530
2024-05-27,19546
2024-05-28,19614
2024-05-29,19609
2024-05-30,19534
2024-05-31,19607
2024-06-03,19498
2024-06-04,19529
2024-06-05,19527
2024-06-06,19548
2024-06-07,19560
2024-06-10,19559
2024-06-11,19605
2024-06-12,19609
2024-06-13,19585
2024-06-14,19482
2024-06-18,19581
2024-06-19,19621
2024-06-24,19662
2024-06-25,19696
2024-06-26,19742
2024-06-27,19778
2024-06-28,19757
2024-07-01,19741
2024-07-02,19757
2024-07-03,19710
2024-07-04,19733
2024-07-05,19758
2024-07-08,19764
2024-07-10,20270
2024-07-11,20410
2024-07-12,20461
2024-07-15,20479
2024-07-16,20501
2024-07-17,20550
2024-07-18,20614
2024-07-19,20639
2024-07-22,20866
2024-07-23,20859
2024-07-24,20874
2024-07-25,20840
2024-07-26,20827
2024-07-29,20825
2024-07-30,20832
2024-07-31,20950
2024-08-01,20955
2024-08-02,20960
2024-08-05,20923
2024-08-06,20912
2024-08-07,20931
2024-08-08,20924
2024-08-09,20942
2024-08-12,20929
2024-08-13,20976
2024-08-14,20994
2024-08-15,21063
2024-08-16,21015
2024-08-19,21076
2024-08-20,21152
2024-08-21,21216
2024-08-22,21258
2024-08-23,21374
2024-08-26,21398
2024-08-27,21518
2024-08-28,21574
2024-08-29,21700
2024-08-30,21465
2024-09-02,21665
2024-09-03,21826
2024-09-04,21947
2024-09-05,22107
2024-09-06,22229
2024-09-09,22424
2024-09-10,22706
2024-09-11,22972
2024-09-12,23331
2024-09-13,23614
2024-09-16,24038
2024-09-17,24520
2024-09-18,25059
2024-09-19,25791
2024-09-20,26610
2024-09-23,27695
2024-09-24,29066
2024-09-25,30769
2024-09-26,31959
2024-09-27,32870
2024-09-30,33573
2024-10-01,33266
2024-10-02,33217
2024-10-03,33005
2024-10-04,32865
2024-10-07,32752
2024-10-08,32589
2024-10-09,32490
2024-10-10,32569
2024-10-14,32557
2024-10-15,32586
2024-10-16,32709
2024-10-17,32852
2024-10-18,32997
2024-10-21,33093
2024-10-22,33266
2024-10-23,33470
2024-10-24,33792
2024-10-25,34157
2024-10-28,34691
2024-10-29,35532
2024-10-30,36097
2024-10-31,36777
2024-11-01,36535
2024-11-04,36302
2024-11-05,36130
2024-11-07,36205
2024-11-08,36284
2024-11-11,36096
2024-11-12,35932
2024-11-13,35856
2024-11-14,35700
2024-11-15,35627
2024-11-19,35500
2024-11-20,35456
2024-11-21,35338
2024-11-22,35309
2024-11-25,35166
2024-11-26,35134
2024-11-27,34952
2024-11-28,34790
2024-11-29,34718
2024-12-02,34795
2024-12-03,34745
2024-12-04,34457
2024-12-05,34401
2024-12-06,34313
2024-12-09,34082
2024-12-10,33906
2024-12-11,33871
2024-12-12,33777
2024-12-13,33749
2024-12-16,33688
2024-12-17,33616
2024-12-18,33547
2024-12-19,33828
2024-12-20,33884
2024-12-23,33859
2024-12-26,33840
2024-12-27,33835
2024-12-30,33836
2025-01-02,33956
2025-01-03,33900
2025-01-06,33809
2025-01-07,33788
2025-01-08,33754
2025-01-09,34636
2025-01-10,34662
2025-01-13,34700
2025-01-14,34702
2025-01-15,34680
2025-01-16,34640
2025-01-17,34479
2025-01-20,34396
2025-01-21,34329
2025-01-22,34267
2025-01-23,34161
2025-01-24,34202
2025-01-27,34291
2025-01-28,34213
2025-01-29,34087
2025-01-30,34063
2025-01-31,34019
2025-02-03,33822
2025-02-04,33823
2025-02-05,33675
2025-02-06,33529
2025-02-07,33439
2025-02-10,33329
2025-02-11,33366
2025-02-12,33232
2025-02-13,33174
2025-02-14,33133
2025-02-17,33117
2025-02-18,33019
2025-02-19,33095
2025-02-20,33101
2025-02-21,33124
2025-02-24,33025
2025-02-25,32996
2025-02-26,32924
2025-02-27,32526
2025-02-28,32721
2025-03-05,32520
2025-03-06,32366
2025-03-07,32314
2025-03-10,32203
2025-03-11,32181
2025-03-12,32084
2025-03-13,32029
2025-03-14,31989
2025-03-17,31955
2025-03-18,31889
2025-03-19,31920
2025-03-20,31977
2025-03-21,31943
2025-03-25,31886
2025-03-26,31838
2025-03-27,31765
2025-03-28,31638
2025-03-31,31657
2025-04-01,31756
2025-04-03,31639
2025-04-04,31593
2025-04-07,31506
2025-04-08,31426
2025-04-09,31425
2025-04-10,31449
2025-04-11,31385
2025-04-14,31994
2025-04-15,32093
2025-04-16,32409
2025-04-21,32450
2025-04-22,32566
2025-04-23,32564
2025-04-24,32672
2025-04-25,32705
2025-04-28,32701
2025-04-29,32679
2025-04-30,32830
2025-05-05,32773
2025-05-06,32758
2025-05-07,32848
2025-05-08,32891
2025-05-09,33193
2025-05-12,33041
2025-05-13,33093
2025-05-14,33174
2025-05-15,33118
2025-05-16,33132
2025-05-19,33161
2025-05-20,33212
2025-05-21,33212
2025-05-22,33317
2025-05-23,33382
2025-05-26,33408
2025-05-27,33269
2025-05-28,33331
2025-05-29,32954
2025-05-30,32979
2025-06-02,32996
2025-06-03,32859
2025-06-04,32888
2025-06-05,32902
2025-06-06,32871
2025-06-09,32783
2025-06-10,32763
2025-06-11,32763
2025-06-12,32825
2025-06-13,32826
2025-06-17,32868
2025-06-18,32963
2025-06-19,33052
2025-06-23,33013
2025-06-24,33071
2025-06-25,33133
2025-06-26,33165
2025-06-27,33203
2025-06-30,33426
2025-07-01,33560
2025-07-02,33574
2025-07-03,33640
2025-07-04,33762
2025-07-07,33780
2025-07-08,33888
2025-07-10,35053
2025-07-11,35125
2025-07-14,35393
2025-07-15,35362
2025-07-16,35338
2025-07-17,35502
2025-07-18,35406
2025-07-21,35505
2025-07-22,35623
2025-07-23,35621
2025-07-24,35647
2025-07-25,35531
2025-07-28,35458
2025-07-29,35342
2025-07-30,35397
2025-07-31,35415
2025-08-01,35332
2025-08-04,35210
2025-08-05,34876
2025-08-06,35063
2025-08-07,35096
2025-08-08,35096
2025-08-11,35168
2025-08-12,35286
2025-08-13,35277
2025-08-14,35165
2025-08-18,35247
2025-08-19,35304
2025-08-20,35354
2025-08-21,35330
2025-08-22,35287
2025-08-25,35195
2025-08-26,35238
2025-08-27,35005
2025-08-28,34980
2025-08-29,35001
2025-09-01,34940
2025-09-02,34938
2025-09-03,34847
2025-09-04,34889
2025-09-05,34800
2025-09-08,34807
2025-09-09,34825
2025-09-10,34807
2025-09-11,34754
2025-09-12,34830
2025-09-15,34698
2025-09-16,34714
2025-09-17,34705
2025-09-18,34833
2025-09-19,35013
2025-09-22,34983
2025-09-23,35156
2025-09-24,35347
2025-09-25,35711
2025-09-26,36085
2025-09-29,36225
2025-09-30,36455
2025-10-01,36680
2025-10-02,36823
2025-10-03,36926
2025-10-06,36817
2025-10-07,36949
2025-10-08,36910
2025-10-09,36946
2025-10-13,37431
2025-10-14,37368
2025-10-15,37455
2025-10-16,37497
2025-10-17,37443
2025-10-20,37494
2025-10-21,37569
2025-10-22,37631
2025-10-23,37596
2025-10-24,37538
2025-10-27,37668
2025-10-28,37582
2025-10-29,37501
2025-10-30,37376
2025-10-31,37438
2025-11-03,37406
2025-11-04,37373
2025-11-05,37367
2025-11-07,37355
2025-11-10,37359
2025-11-11,37426
2025-11-12,37429
2025-11-13,37466
2025-11-14,37460
2025-11-17,37537
2025-11-18,37798
2025-11-19,37935
2025-11-20,37949
2025-11-25,38031
2025-11-26,38730
2025-11-27,38764
2025-11-28,38712
2025-12-01,39707
2025-12-02,39647
2025-12-03,39567
2025-12-04,39525
2025-12-05,39304
2025-12-09,39240
2025-12-10,39372
2025-12-11,39246
2025-12-12,38821
2025-12-15,38922
2025-12-16,38949
2025-12-17,39078
2025-12-18,39282
2025-12-19,39439
2025-12-22,39510
2025-12-23,39566
2025-12-26,39611
2025-12-29,39571
2025-12-30,39781
2026-01-02,39903
2026-01-05,39933
2026-01-06,39885
2026-01-07,40105
2026-01-08,40121
2026-01-09,41203
2026-01-12,41172
2026-01-13,41106
2026-01-14,40968
2026-01-15,40871
2026-01-16,41076
2026-01-19,41089
2026-01-20,41097
2026-01-21,41154
2026-01-22,41155
2026-01-23,41319
2026-01-26,41233
2026-01-27,41195
2026-01-28,41119
2026-01-29,41179
2026-01-30,41122
2026-02-02,40965
2026-02-03,41132
2026-02-04,41029
2026-02-05,40958
2026-02-06,40847
2026-02-09,40909
2026-02-10,40875
2026-02-11,40809
2026-02-12,40864
2026-02-13,40855
2026-02-18,40924
2026-02-19,41021
2026-02-20,41926
2026-02-23,41888
2026-02-24,41964
2026-02-25,41940
2026-02-26,41633
2026-02-27,41574
2026-03-02,42393
2026-03-03,42285
2026-03-04,42192
2026-03-05,42229
2026-03-06,42169
2026-03-09,42005
2026-03-10,41972
2026-03-11,41935
2026-03-12,41903
2026-03-13,41903
2026-03-16,41868
2026-03-17,41837
2026-03-18,41742
2026-03-19,41658
2026-03-20,41708
2026-03-25,41790
2026-03-26,41850
2026-03-27,41921
2026-03-30,41893
2026-03-31,41666
2026-04-01,41859
2026-04-06,41848
2026-04-07,41932
2026-04-08,41975
2026-04-09,41976
2026-04-10,42034
2026-04-13,42114
2026-04-14,42321
2026-04-15,42033
2026-04-16,41955
2026-04-17,41779
2026-04-20,41869
2026-04-21,41892
2026-04-22,41913
2026-04-23,41986
2026-04-24,41992
2026-04-27,41968
2026-04-28,42030
2026-04-29,42000
2026-04-30,41789
2026-05-04,41765
2026-05-05,41660
2026-05-06,41692
2026-05-07,41731
2026-05-08,41725
2026-05-11,41737
2026-05-12,41710
2026-05-13,41941
2026-05-14,41924
2026-05-15,41607
2026-05-18,41618
2026-05-19,41678
2026-05-20,41708
2026-05-21,41681
2026-05-22,41955
2026-05-26,41850
2026-05-27,41743
2026-05-28,41774
2026-05-29,41466
2026-06-01,42426
2026-06-02,42315
2026-06-03,42487
2026-06-04,42336
2026-06-05,42218
2026-06-08,42112
2026-06-09,42152
2026-06-10,42186
2026-06-11,42226
2026-06-12,42070
2026-06-16,42036
2026-06-17,42073
2026-06-18,42010
2026-06-19,42089
2026-06-22,42138
2026-06-23,42273
2026-06-24,42371
2026-06-25,42363
2026-06-26,42272
2026-06-29,42278
2026-06-30,42208
2026-07-01,42315
2026-07-02,42511
2026-07-03,42691
2026-07-06,42664
2026-07-07,42747
2026-07-08,42758
2026-07-13,43791
2026-07-14,43510
2026-07-15,43564
2026-07-16,43532
2026-07-17,43283
2026-07-20,43335
2026-07-21,43442
2026-07-22,43379
2026-07-23,43434
2026-07-24,43378
2026-07-27,43303
2026-07-28,43446
2026-07-29,43482
2026-07-30,43383
2026-07-31,43215
2026-08-03,43056
2026-08-04,43105
2026-08-05,43197
2026-08-06,43209
2026-08-07,43207
2026-08-10,43166
2026-08-11,43254
2026-08-12,43347
2026-08-13,43375
2026-08-14,43549
2026-08-18,43662
2026-08-19,43736
2026-08-20,43750
2026-08-21,43899
2026-08-24,43984
2026-08-25,43974
2026-08-26,43871
2026-08-27,43450
2026-08-28,43491
2026-08-31,43487
2026-09-01,43653
2026-09-02,43670
2026-09-03,43701
2026-09-04,43767
2026-09-07,43887
2026-09-08,43964
2026-09-09,43991
2026-09-10,44066
2026-09-11,44154
2026-09-14,44149
2026-09-15,44166
2026-09-16,44148
2026-09-17,44161
2026-09-18,44263
2026-09-21,44372
2026-09-22,44394
2026-09-23,44348
2026-09-24,44441
2026-09-25,44630
2026-09-28,44555
2026-09-29,44640
2026-09-30,44696
