mes,circulante,dep_pesos,cta_cte,caja_ah,plazo_fijo,plazo_uva,dep_usd_ars,dep_usd,m3,dep_m3,m3_bimonetario,dep_pesos_m3bi,dep_usd_m3bi,vista,plazo_total,plazo_dep,vista_dep
2003-01-01,16378.818181818182,68929.37102727273,14001.5,8990.727272727272,21746.136363636364,4,2721.316690909091,835.5454545454545,85308.18920909091,80.80041513755076,88029.5059,78.30257630387624,3.091368812180384,22992.227272727272,21750.136363636364,31.55423593671073,33.356212206883654
2003-02-01,16543.95,69483.25399,13215.55,8853.75,23977.45,3.95,2877.534845,909.5,86027.20399,80.76893211370312,88904.738835,78.15472482176152,3.236649567511212,22069.3,23981.4,34.513927634205785,31.762041546264086
2003-03-01,17025.55,70329.035375,13487.1,8651.15,25795.5,1.7,3070.24246,999.35,87354.58537500001,80.50983823354905,90424.827835,77.77624470939641,3.3953533929888513,22138.25,25797.2,36.68072491318455,31.478108411351148
2003-04-01,17509.75,70327.056655,13264,8552.15,28001.9,1300,3041.572795,1050.95,87836.806655,80.06558905451365,90878.37945,77.38590529521156,3.3468607312407355,21816.15,29301.9,41.665187473641765,31.020991120135204
2003-05-01,18087.619047619046,72210.05563809523,14454.047619047618,8942.285714285714,30423.04761904762,3733.9523809523807,3331.564680952381,1174.3333333333333,90297.67468571427,79.9688983015632,93629.23936666665,77.1234030379222,3.558252425725105,23396.333333333332,34157,47.30227625247817,32.400381257967524
2003-06-01,19080.95,75082.427855,15872.85,9343.6,31991.9,4384.5,3628.523045,1292,94163.377855,79.73633653055404,97791.9009,76.77775681216971,3.7104535361373676,25216.45,36376.4,48.44861978924083,33.585022115558495
2003-07-01,20891.227272727272,76830.28926818182,16082.40909090909,10858.40909090909,33011.77272727273,3786.6363636363635,3856.5690363636363,1376.5,97721.5165409091,78.62167103804452,101578.08557727274,75.63667776524031,3.796654578048587,26940.81818181818,36798.40909090909,47.895705510702314,35.06536086019312
2003-08-01,21903.95,77891.84574,17070.65,12161.25,33346.85,2208.8,4352.78283,1486.35,99795.79574,78.05122967598074,104148.57857,74.7891587283139,4.179397251278299,29231.9,35555.65,45.6474611202351,37.52883209055665
2003-09-01,22655.454545454544,78504.62607727273,17498.227272727272,13008.227272727272,34524.72727272727,663.5,4622.694413636364,1582.909090909091,101160.08062272727,77.60435301554651,105782.77503636363,74.21305221978358,4.3699878473099965,30506.454545454544,35188.22727272727,44.82312575833585,38.8594355132993
2003-10-01,22876.5,80477.79799545454,19165.31818181818,13256.954545454546,35506.318181818184,251.45454545454547,4786.090868181818,1674.1363636363637,103354.29799545454,77.86594225524507,108140.38886363636,74.41974163504814,4.425812518777806,32422.272727272728,35757.77272727273,44.4318478113583,40.287226458537006
2003-11-01,23434.105263157893,82169.99739473684,21029.157894736843,13628.21052631579,35096.42105263158,308.6842105263158,5008.598052631579,1736.2631578947369,105604.10265789473,77.80947456267599,110612.70071052632,74.28622289024106,4.5280496909112555,34657.36842105263,35405.10526315789,43.08763099148602,42.177643324682045
2003-12-01,25352.666666666668,82890.27057142857,21799.761904761905,14302.714285714286,34318.666666666664,505.4761904761905,5602.608852380952,1892.4285714285713,108242.93723809524,76.57799454305272,113845.54609047619,72.80941013322857,4.92123674994576,36102.47619047619,34824.142857142855,42.012340672882765,43.55454016688944
2004-01-01,25921.761904761905,85722.06728095238,22783.761904761905,15367.904761904761,34960.857142857145,759.7142857142857,5907.74749047619,2042.095238095238,111643.82918571429,76.78173339823174,117551.57667619048,72.92294132054376,5.025664187176127,38151.666666666664,35720.57142857143,41.67021697166724,44.50623728149874
2004-02-01,26002.05,87499.7597,23605.1,16539.3,34707.65,850.85,6161.603865,2101.6,113501.8097,77.09107011709612,119663.413565,73.12156413829109,5.14911256618388,40144.399999999994,35558.5,40.63839731893572,45.87944028376571
2004-03-01,26173.91304347826,85622.48742173913,22523.347826086956,17092.608695652172,33563.739130434784,958.0869565217391,6177.740682608695,2132.2608695652175,111796.40046521739,76.5878749811613,117974.14114782609,72.57733481988303,5.236521005792067,39615.95652173913,34521.82608695652,40.31864423293033,46.26816822852641
2004-04-01,26156.42105263158,88231.76585789473,24382.42105263158,17920.157894736843,33464.89473684211,1207.842105263158,6853.368678947369,2416.5263157894738,114388.1869105263,77.133634373372,121241.55558947368,72.77353497232356,5.6526565051284985,42302.57894736843,34672.73684210527,39.297339801573116,47.94483997464198
2004-05-01,26855.05,89746.30644,26161.65,18019.55,33397.3,1570.25,8346.331365,2856.8,116601.35644,76.96849263171401,124947.68780500001,71.82710462002534,6.679860597361135,44181.2,34967.55,38.96266196021961,49.22898975183719
2004-06-01,27398.285714285714,93016.33207142857,27309.095238095237,18816.571428571428,33693.28571428572,2259.904761904762,9904.260814285713,3345.8571428571427,120414.61778571428,77.24671122318159,130318.8786,71.37594573456417,7.600019982281918,46125.666666666664,35953.19047619048,38.652556680671424,49.58878257126513
2004-07-01,28692.714285714286,94930.99046666667,27678.85714285714,19699.52380952381,33448.666666666664,3036.190476190476,10829.68731904762,3664.4285714285716,123623.70475238096,76.79028116558554,134453.3920714286,70.60512866513209,8.054603273448341,47378.38095238095,36484.85714285714,38.43303115610929,49.9082340966589
2004-08-01,28805.761904761905,96490.24012380952,27413,20978.571428571428,33863.80952380953,3579.190476190476,11385.949700000001,3778.2380952380954,125296.00202857143,77.00983156813473,136681.95172857144,70.59471927604879,8.330251036077303,48391.57142857143,37443,38.80496094937246,50.15177842492542
2004-09-01,28704.363636363636,97983.0198909091,27201.5,21397.5,35075.22727272727,3819.4545454545455,11396.670218181818,3803.909090909091,126687.38352727273,77.34236603743238,138084.05374545456,70.95896827560692,8.253429638726097,48599,38894.681818181816,39.695328702346394,49.59941023874182
2004-10-01,28672.6,99139.834825,28148.95,20858,36229.65,4199.95,11350.99625,3822.95,127812.434825,77.56665848729168,139163.431075,71.23986097437486,8.156594129877808,49006.95,40429.6,40.78037861508007,49.432148123412006
2004-11-01,29070,100952.05976363637,28565.909090909092,21189.590909090908,37035.545454545456,4671.772727272727,11475.525245454546,3883.9545454545455,130022.05976363637,77.64225543508111,141497.58500909092,71.34542950478654,8.11005024906769,49755.5,41707.318181818184,41.313984359971876,49.286265299088306
2004-12-01,31789.545454545456,102117.54072272727,30116.31818181818,21491.772727272728,36045.13636363636,4953.909090909091,11725.386363636364,3946.7272727272725,133907.08617727272,76.25999761322497,145632.47254090908,70.12003500389778,8.05135431614857,51608.09090909091,40999.04545454545,40.14887664193494,50.53792966794883
2005-01-01,32572.52380952381,104082.90541428572,30126.619047619046,21896.095238095237,37201.142857142855,5613.523809523809,11919.354338095238,4046.2380952380954,136655.42922380954,76.16448611333423,148574.78356190477,70.05421978011418,8.02246118240445,52022.71428571428,42814.666666666664,41.135157109853516,49.981996638781375
2005-02-01,32169.85,104908.134855,29223.45,21653.3,38389.15,6320.85,12355.515195,4238.2,137077.984855,76.53171657430696,149433.50004999997,70.20389325010662,8.268236500427202,50876.75,44710,42.618239340349014,48.49647748510627
2005-03-01,32554.619047619046,106138.15165714285,29311.238095238095,22073.666666666668,38999.142857142855,6569,12185.26731904762,4162.809523809524,138692.7707047619,76.52752996266928,150878.03802380952,70.34698558341114,8.076236593906867,51384.90476190476,45568.142857142855,42.932858869015575,48.413227439547825
2005-04-01,32816,107451.95364285714,29851.85714285714,21769.666666666668,40101.857142857145,6636.285714285715,10696.932138095239,3688.1428571428573,140267.95364285714,76.60477739373431,150964.88578095238,71.17678597045952,7.085708761185907,51621.52380952381,46738.14285714286,43.49678276905836,48.04149395096209
2005-05-01,33579.57142857143,109544.17693333334,30847.52380952381,22277.190476190477,40736.71428571428,6462.047619047619,11840.396376190476,4095.5238095238096,143123.74836190476,76.53808552885182,154964.14473809523,70.69001485374173,7.640732890954821,53124.71428571429,47198.7619047619,43.086509229501296,48.49615540773569
2005-06-01,34622.76190476191,111933.93048095239,31122.619047619046,23410.619047619046,41953.142857142855,6309.761904761905,10924.667838095238,3788.4285714285716,146556.6923857143,76.37585746433182,157481.36022380955,71.07757408360837,6.937118032616245,54533.23809523809,48262.90476190476,43.11731443230038,48.71913088455151
2005-07-01,36541.19047619047,113114.95228095238,31464.761904761905,24725.666666666668,41759.142857142855,6294.666666666667,10851.762233333333,3781.714285714286,149656.14275714284,75.58323380318018,160507.90499047618,70.47313482015987,6.760889586078162,56190.42857142857,48053.80952380952,42.48227891610169,49.675509239365674
2005-08-01,36978.545454545456,114354.71286363636,31323.18181818182,25034.954545454544,42364,6737.772727272727,11197.573295454546,3876.909090909091,151333.25831818182,75.56482569297677,162530.83161363637,70.3587816098038,6.889507168752508,56358.13636363637,49101.77272727273,42.9381277760058,49.2836149489014
2005-09-01,37423.72727272727,115355.56140909091,31478.909090909092,24662,43432.318181818184,7098.409090909091,11444.23719090909,3930.409090909091,152779.28868181817,75.50471166895743,164223.52587272727,70.24301834713444,6.968695337705963,56140.90909090909,50530.72727272727,43.8043269483365,48.667709129180096
2005-10-01,38215.35,116681.57093,32486.45,25086.2,42607.5,7472.45,11549.97032,3894.35,154896.92093,75.32852830737028,166446.89125,70.10138192052295,6.939132496414229,57572.65,50079.95,42.920188338948684,49.34168227349217
2005-11-01,38976.954545454544,118473.61682727272,33440.13636363636,25173.227272727272,42778.318181818184,7527.954545454545,11608.40194090909,3912.2727272727275,157450.57137272728,75.24495833477431,169058.97331363638,70.07827771879447,6.866480798610618,58613.36363636363,50306.27272727273,42.4620046846516,49.47376910238026
2005-12-01,41430.318181818184,120997.12811428572,37251.333333333336,25349.428571428572,41678.19047619047,7392.809523809524,12092.157052380951,4011.190476190476,162427.4462961039,74.49303111846562,174519.60334848487,69.33153971973898,6.928824510467771,62600.76190476191,49071,40.55550802300931,51.73739482943219
2006-01-01,42672.40909090909,122499.9564,37689.5,25954.454545454544,42504.86363636364,7380.863636363636,12547.63985,4119.318181818182,165172.36549090908,74.16492222286558,177720.0053409091,68.92862520739634,7.060341814603624,63643.954545454544,49885.72727272728,40.72305716569813,51.95426710001224
2006-02-01,42228.7,122971.50671,36020.45,27011.8,43402.3,7464.05,13237.82566,4313.5,165200.20671,74.43786491494518,178438.03237,68.91552494538415,7.418724295586672,63032.25,50866.350000000006,41.364338260859554,51.257605673358995
2006-03-01,42182.681818181816,124238.17932727272,36317.27272727273,27604.68181818182,43875.13636363636,7472.681818181818,13687.704486363637,4449.318181818182,166420.86114545455,74.65300832609351,180108.56563181817,68.97960621220153,7.599696570980605,63921.954545454544,51347.81818181818,41.330143809139294,51.451135948369796
2006-04-01,42518.666666666664,125358.31391666667,36299.444444444445,26462.055555555555,46179.38888888889,7249.388888888889,14405.711944444445,4698.333333333333,167876.98058333332,74.67272372964761,182282.69252777778,68.77137493323097,7.902951039769825,62761.5,53428.77777777778,42.620849075311554,50.065686143259235
2006-05-01,42936.19047619047,129188.08792857143,38023.28571428572,27552.095238095237,47375.28571428572,7050.809523809524,14986.231219047619,4907.714285714285,172124.27840476192,75.05512245331067,187110.50962380954,69.04373687416457,8.009294212910765,65575.38095238095,54426.095238095244,42.12934498123978,50.759618788256866
2006-06-01,43863,132744.21309523808,39544.47619047619,26389.04761904762,50581.90476190476,6969.571428571428,15506.004704761905,5032.333333333333,176607.21309523808,75.16352858342982,192113.21779999998,69.09686622053867,8.071284673865843,65933.52380952382,57551.47619047619,43.355167693212785,49.669603120265165
2006-07-01,46028.76190476191,134931.30454761905,38810.619047619046,28041.85714285714,52225.142857142855,6583.571428571428,16018.970980952381,5197.714285714285,180960.06645238097,74.56413295644194,196979.03743333335,68.50033704387754,8.132322702802286,66852.47619047618,58808.71428571428,43.584188623152244,49.54556425183235
2006-08-01,46305.86363636364,137161.99325454546,38744.818181818184,26973.090909090908,56111.13636363636,5923.727272727273,16010.946281818182,5200.045454545455,183467.8568909091,74.76077585410651,199478.8031727273,68.76018457749511,8.026389785362015,65717.90909090909,62034.86363636363,45.22744396200136,47.91262326506854
2006-09-01,46693.619047619046,139506.77675714286,39074.666666666664,26640.333333333332,58521.95238095238,5659.238095238095,16489.201942857144,5318.952380952381,186200.3958047619,74.92292170174596,202689.59774761906,68.82779299352653,8.135198908129876,65715,64181.19047619047,46.00578693601302,47.105238560846715
2006-10-01,47287.619047619046,141986.2332095238,40227.142857142855,27138.190476190477,59644.76190476191,5378.857142857143,16905.192452380954,5456,189273.85225714286,75.01629597342625,206179.04470952382,68.86550153996576,8.199277708458636,67365.33333333333,65023.61904761905,45.7957208792673,47.444975340619685
2006-11-01,47772.09523809524,145998.69282857142,42819,27127.428571428572,60928.380952380954,5193.333333333333,17056.246514285715,5545.428571428572,193770.78806666666,75.34607991496671,210827.03458095237,69.25046074796045,8.090160992961524,69946.42857142858,66121.71428571429,45.28925088620691,47.90894165988061
2006-12-01,50818.42105263158,148758.73671578948,44322.73684210526,28237.157894736843,60818.15789473684,4829.421052631579,16882.049657894735,5516.526315789473,199577.15776842105,74.536955220297,216459.20742631578,68.723681697129,7.799182977070402,72559.8947368421,65647.57894736841,44.13023422805155,48.77689629448197
2007-01-01,52663.681818181816,151995.4630318182,45165.681818181816,28659.363636363636,63571.72727272727,4494.590909090909,17204.511786363637,5576.590909090909,204659.14485,74.26761366721219,221863.65663636365,68.50849992116554,7.754542608374103,73825.04545454546,68066.31818181818,44.78180915674398,48.570558608773204
2007-02-01,52582.45,154821.94434,44866.8,28974.45,66239.35,4438.65,17675.030425,5696.8,207404.39434,74.64737901656939,225079.424765,68.78547184028298,7.852797048621425,73841.25,70678,45.651151263664595,47.69430478010234
2007-03-01,53173.72727272727,156791.20121363638,44759.818181818184,28779.045454545456,68469.27272727272,4395.272727272727,17612.36769090909,5679.5,209964.92848636364,74.67494802295963,227577.29617727274,68.89580105192168,7.739070630837369,73538.86363636365,72864.54545454544,46.47234340354572,46.90241739787619
2007-04-01,53633.333333333336,159678.17161111112,46488,29134.444444444445,69127.22222222222,4242.5,17751.6574,5746.666666666667,213311.50494444446,74.85680233360982,231063.16234444446,69.10585399721995,7.682599519493165,75622.44444444444,73369.72222222222,45.94849845908232,47.359287547843074
2007-05-01,54525.47619047619,163692.13162380952,48468.142857142855,29949.904761904763,70104.42857142857,4082.3333333333335,18369.398319047617,5964.0952380952385,218217.6078142857,75.0132554670473,236587.0061333333,69.18897799972902,7.764331025303722,78418.04761904762,74186.7619047619,45.320908933640645,47.90581370109147
2007-06-01,56275.5,164942.77578999999,47223.3,30915.35,71511.7,3933,18110.338925,5881.4,221218.27578999999,74.56109817372337,239328.61471499997,68.91895312494037,7.567143171144145,78138.65,75444.7,45.73992382428064,47.3731872316031
2007-07-01,59402.142857142855,167845.16871904762,47954.95238095238,32908.28571428572,71458.57142857143,3749.5238095238096,18651.69208095238,5993.952380952381,227247.31157619046,73.86013394608334,245899.00365714284,68.25776689728856,7.585102746881581,80863.2380952381,75208.09523809525,44.8080190881064,48.177280711959796
2007-08-01,59681.09090909091,170402.2745681818,47114.045454545456,32618.636363636364,74573.54545454546,3355.4545454545455,20175.830904545455,6399.727272727273,230083.36547727272,74.06110138153986,250259.19638181818,68.09031477436722,8.06197382403617,79732.68181818182,77929,45.73237076645878,46.790855356968244
2007-09-01,59301.2,172090.68765,44650,32722,78702.55,3212.1,21232.050115,6745.9,231391.88765,74.37196238716108,252623.93776499998,68.1212909483206,8.404607379190972,77372,81914.65000000001,47.59969939024182,44.96001559210458
2007-10-01,59790.454545454544,171956.06106363636,45559.59090909091,33043.545454545456,78781.54545454546,3034.409090909091,21961.7112,6948.818181818182,231746.51560909091,74.20006320772094,253708.2268090909,67.77709309088704,8.656286584086862,78603.13636363637,81815.95454545454,47.57957005957274,45.71117521385155
2007-11-01,59987.857142857145,173783.56247619048,46363.52380952381,33471.71428571428,79059.33333333333,2692.3809523809523,22438.46850952381,7155.238095238095,233771.4196190476,74.3390970373483,256209.88812857142,67.82859309043619,8.75784641780247,79835.23809523809,81751.71428571428,47.042259417897945,45.93946456022045
2007-12-01,63204.61111111111,177148.35241111112,46642.27777777778,35108.88888888889,78375.72222222222,2332.777777777778,22796.945022222222,7260.944444444444,240352.96352222224,73.70341926103714,263149.9085444445,67.31841686397235,8.663102012202277,81751.16666666667,80708.5,45.55983665752558,46.14842054920465
2008-01-01,65234.5,184075.27272727274,52960.318181818184,36439.27272727273,81113,1943.409090909091,23612.318,7509.272727272727,249309.77272727274,73.83395793659403,272922.09072727273,67.44608772296729,8.65166976300041,89399.59090909091,83056.40909090909,45.120894219163304,48.566865926389795
2008-02-01,64686.857142857145,187936.2380952381,49765.42857142857,37373.42857142857,87408.90476190476,1639.7619047619048,23877.796652380952,7560.285714285715,252623.09523809527,74.39392582776712,276500.8918904762,67.96948711821184,8.635703302483053,87138.85714285714,89048.66666666667,47.38238222132583,46.36618143792943
2008-03-01,65208.72222222222,189696.22222222222,48058.22222222222,36512.166666666664,91105.5,1524.111111111111,24108.900227777776,7639.333333333333,254904.94444444444,74.41841610238588,279013.8446722222,67.98810376061164,8.640754101682749,84570.38888888888,92629.61111111111,48.83049858662915,44.5820100675583
2008-04-01,65574.14285714286,191927.90476190476,50289.42857142857,36580.80952380953,91409.42857142857,1386.095238095238,25096.442828571428,7925.428571428572,257502.04761904763,74.53451595299381,282598.49044761906,67.91540339012515,8.880600455020184,86870.2380952381,92795.5238095238,48.34915690068145,45.2619113427016
2008-05-01,66130.57142857143,192133.42857142858,52700.52380952381,35985.76190476191,89811.76190476191,1126.8095238095239,25409.615195238097,8063.142857142857,258264,74.39419685725791,283673.6151952381,67.73045439534197,8.957341759736785,88686.28571428571,90938.57142857143,47.33094709480168,46.158696263162355
2008-06-01,66392,191597,54413.55,35416.45,90068.75,895.7,24687.327005,8111.9,257989,74.2655694622639,282676.32700499997,67.77964112877801,8.733425705139904,89830,90964.45,47.47696988992521,46.88486771713545
2008-07-01,67942.40909090909,196469.4090909091,55839.86363636364,37354,91965,704.6363636363636,24852.764054545456,8223,264411.8181818182,74.30432211460773,289264.5822363636,67.92031280565493,8.591706548518196,93193.86363636365,92669.63636363637,47.167463266893044,47.43428713283378
2008-08-01,67383.6,199894.95,53738.2,36310.7,98732.6,611.4,25768.29058,8495.3,267278.55000000005,74.78899821927348,293046.8405800001,68.21262758007106,8.793232689012871,90048.9,99344,49.69810392908875,45.04811152057618
2008-09-01,67191.81818181818,204202.86363636365,59198.13636363636,36362.5,97408.90909090909,484.3636363636364,26489.094145454546,8593.318181818182,271394.6818181818,75.24202842455378,297883.77596363635,68.55118677604361,8.892425933491644,95560.63636363635,97893.27272727272,47.939226210655484,46.79691296288917
2008-10-01,66968.90909090909,204172.68181818182,59017.27272727273,35924.22727272727,98021.95454545454,400.1818181818182,28673.52357727273,8851.59090909091,271141.59090909094,75.30112998659708,299815.11448636366,68.09952932758769,9.563735179393989,94941.5,98422.13636363637,48.205340443773196,46.5005891848678
2008-11-01,66882.1052631579,200757.57894736843,57257.73684210526,35267.21052631579,96953.47368421052,382.63157894736844,30430.688831578947,9140.894736842105,267639.6842105263,75.0103929989141,298070.37304210523,67.35240973412998,10.209229626213245,92524.94736842104,97336.1052631579,48.484398832422656,46.08789757953687
2008-12-01,70717.85714285714,197092.7142857143,64522.28571428572,37214,83023.76190476191,323.85714285714283,31979.951019047618,9343.285714285714,267810.5714285714,73.59407555660344,299790.52244761906,65.74347737098705,10.667432298376049,101736.28571428571,83347.61904761905,42.288533774411704,51.61849136990641
2009-01-01,72111.95238095238,199423.57142857142,68134.33333333333,37729.04761904762,82470.28571428571,304.6666666666667,33440.58252857143,9653.57142857143,271535.5238095238,73.44290302452752,304976.1063380952,65.38990015417512,10.964984414713244,105863.38095238095,82774.95238095238,41.50710559839729,53.08468813091064
2009-02-01,70861.25,199081.75,63446.65,37381.7,87413,218.5,34773.26944,9902.25,269943,73.74955083110139,304716.26944,65.33348231319171,11.411687831406391,100828.35,87631.5,44.01784693976219,50.64670669210011
2009-03-01,69040.52380952382,197508.61904761905,61472.666666666664,36753.19047619047,88495.80952380953,160.28571428571428,38568.14544761905,10553.238095238095,266549.14285714284,74.09838836115632,305117.28830476187,64.73203145747038,12.64043268800155,98225.85714285713,88656.09523809524,44.88720323477143,49.73244085068258
2009-04-01,67516.21052631579,196698.84210526315,61923.05263157895,36979.94736842105,86787.05263157895,138.57894736842104,41332.38356842105,11190.473684210527,264215.05263157893,74.4464935461265,305547.4362,64.37587713107546,13.527321349005334,98903,86925.63157894737,44.19224365969029,50.281434776861666
2009-05-01,68688.52631578948,199247.84210526315,62705.42105263158,37223,87889.84210526316,120.36842105263158,43153.153226315786,11586.526315789473,267936.36842105264,74.36386604753564,311089.52164736844,64.04839386751124,13.871619011080513,99928.42105263157,88010.21052631579,44.17122393718059,50.15282474167982
2009-06-01,70871.14285714286,200544.2380952381,65338.42857142857,38763.80952380953,85088.71428571429,112.76190476190476,43703.53341904762,11598.095238095239,271415.38095238095,73.88831001085492,315118.91437142855,63.64081270566258,13.86890200044754,104102.2380952381,85201.4761904762,42.48512796962741,51.9098624243695
2009-07-01,73631.90476190476,198392.85714285713,62492,40063.80952380953,84643.23809523809,107.76190476190476,44801.80696666666,11759.857142857143,272024.7619047619,72.93191096048679,316826.56887142855,62.61875632765097,14.140798584618608,102555.80952380953,84751,42.71877587758776,51.69329732973298
2009-08-01,73292.8,201085.8,62830.05,38794.75,88467.4,102.35,46154.24649,12021.95,274378.6,73.28771267146928,320532.84648999997,62.734849860784394,14.39922522618596,101624.8,88569.75,44.04575061988465,50.53802904033999
2009-09-01,73311.40909090909,206145.18181818182,66105.45454545454,39116.59090909091,90551.22727272728,36,46900.7077,12206.181818181818,279456.59090909094,73.76644120204064,326357.29860909097,63.16548846823905,14.37096945583479,105222.04545454546,90587.22727272728,43.943412343551344,51.04268968427811
2009-10-01,73833.09523809524,208728.2380952381,65996.47619047618,39334.57142857143,92911.47619047618,22.714285714285715,45066.233909523806,11778,282561.3333333334,73.8700641141881,327627.5672428572,63.70899733858971,13.755324159312277,105331.0476190476,92934.19047619047,44.524014251385886,50.46324760859016
2009-11-01,74975.05,211668.85,66168.25,39663.75,95032.5,21.25,44201.839395,11598.6,286643.9,73.84383550461042,330845.73939500004,63.97810967342894,13.360256497735032,105832,95053.75,44.90682025248401,49.99885434252607
2009-12-01,81501.76190476191,216765.90476190476,72144.71428571429,43197.857142857145,89918.90476190476,18.19047619047619,44894.239747619045,11792.52380952381,298267.6666666667,72.67495910113335,343161.9064142857,63.167239926745225,13.082524286195104,115342.57142857143,89937.09523809524,41.49042504488054,53.21066131468576
2010-01-01,84740.8,220927.6,74756.9,43952.55,90995.2,16.3,44613.33176,11727.55,305668.4,72.27688567087732,350281.73176,63.071402236691974,12.736414067567587,118709.45,91011.5,41.19516982033933,53.73228605208222
2010-02-01,83624.1,224087.8,75340.45,44132.2,93457.6,18,44014.495655,11428.75,307711.9,72.82389793829877,351726.395655,63.71082829387714,12.513844908635393,119472.65,93475.6,41.713828240537865,53.31510684651284
2010-03-01,82963.77272727272,226902.68181818182,70412.18181818182,44337.954545454544,100894.27272727272,18,45933.43617727273,11890.09090909091,309866.45454545453,73.22595863144564,355799.8907227273,63.772555229648944,12.90990733132866,114750.13636363637,100912.27272727272,44.473812261123555,50.57240198491183
2010-04-01,82341.75,233762.85,73380.6,43605,104953.9,17.75,59897.07507,15453,316104.6,73.95110669063342,376001.67507,62.17069377589356,15.93000218917881,116985.6,104971.65,44.90518916927989,50.04456439506962
2010-05-01,84143.36842105263,241730.31578947368,72788.1052631579,44042,112554.21052631579,16.210526315789473,63117.20177894737,16175.578947368422,325873.6842105263,74.17914593966019,388990.88598947367,62.142925321909736,16.2258819042499,116830.1052631579,112570.42105263157,46.56859884743241,48.330762685515566
2010-06-01,86732.57142857143,249243.42857142858,73899.28571428571,45848.28571428572,117148.28571428571,15,61607.681404761905,15690.333333333334,335976,74.18489075750308,397583.6814047619,62.68955196822708,15.4955256682283,119747.57142857142,117163.28571428571,47.007572631231426,48.04442472763288
2010-07-01,92067.42857142857,258730.14285714287,75548.38095238095,50249.380952380954,120465.19047619047,15,60772.70848571428,15445,350797.5714285714,73.75482726505275,411570.2799142857,62.86414629137616,14.766058544939373,125797.7619047619,120480.19047619047,46.56596604699178,48.62122384179287
2010-08-01,93359.66666666667,265041.61904761905,75320.42857142857,48767.09523809524,128523.28571428571,14.857142857142858,56697.97038571429,14399,358401.28571428574,73.95107931027565,415099.2561,63.85017924093048,13.65889472277334,124087.5238095238,128538.14285714286,48.497342915057004,46.818127754958155
2010-09-01,94863.45454545454,273807.63636363635,76985.13636363637,49612.181818181816,134555.18181818182,14,57838.704613636364,14635.272727272728,368671.0909090909,74.26881117487822,426509.79552272725,64.1972679731915,13.560932297639184,126597.31818181818,134569.18181818182,49.147344320033575,46.23586100925534
2010-10-01,97106.47368421052,283060.5263157895,80897.42105263157,51127.05263157895,137700.2105263158,14,60964.025194736845,15406.736842105263,380167,74.45689034445112,441131.02519473684,64.16699577882392,13.819935962977063,132024.4736842105,137714.2105263158,48.65185984027964,46.64178202541765
2010-11-01,99386.04761904762,288718.90476190473,81926.42857142857,51794.71428571428,141240,14.285714285714286,62899.96226666667,15853.380952380952,388104.95238095237,74.39196613974325,451004.914647619,64.01679790728838,13.946624576322394,133721.14285714284,141254.2857142857,48.924501785143796,46.31534016361606
2010-12-01,106931.45,297276.15,88609.5,56290.85,138193.1,14.1,63333.270169999996,15922.4,404207.60000000003,73.54541329752335,467540.87017,63.58292268479311,13.546039332769288,144900.35,138207.2,46.49118336603861,48.74267579151573
2011-01-01,112427.38095238095,309559.95238095237,99477.71428571429,57646.28571428572,138832.33333333334,12.476190476190476,63926.098880952384,16056.761904761905,421987.3333333333,73.35764084094603,485913.4322142857,63.706811102196035,13.155861650015316,157124,138844.80952380953,44.85231647566077,50.75721158098616
2011-02-01,112224.05,315746.95,90972.7,58084.85,152905.55,10,62693.66779,15587.95,427971,73.77765082213514,490664.66779,64.35086337521592,12.77729412887588,149057.55,152915.55,48.42977897332024,47.2079144390785
2011-03-01,112775.15789473684,324338.2105263158,93098.84210526316,58376.26315789474,158697.42105263157,10,61969.435557894736,15349.631578947368,437113.36842105264,74.20002085451998,499082.8039789474,64.98685347211386,12.416664141469552,151475.1052631579,158707.42105263157,48.93269306601004,46.70282450450521
2011-04-01,114351.1052631579,331903.94736842107,94519.26315789473,60094.94736842105,162806.26315789475,9.947368421052632,63077.666389473685,15515,446255.052631579,74.37539259469979,509332.7190210527,65.16446616788076,12.384373521243672,154614.2105263158,162816.2105263158,49.05521968546702,46.58402280304622
2011-05-01,116310.23809523809,342019.3333333333,98730.95238095238,61951.19047619047,166393.2857142857,10,64780.03728095238,15862.380952380952,458329.5714285714,74.62301249018044,523109.6087095238,65.38196348124286,12.383645072159997,160682.14285714284,166403.2857142857,48.65318112064397,46.98042689316087
2011-06-01,120453.04761904762,348867.5714285714,100247.52380952382,63237.71428571428,170167.19047619047,10,64154.20749523809,15662.666666666666,469320.61904761905,74.33459287097163,533474.8265428571,65.39532027956804,12.025723483708601,163485.2380952381,170177.19047619047,48.77988222847283,46.861689501774386
2011-07-01,128064.33333333333,358316.3333333333,95669.66666666667,72429.80952380953,174874.14285714287,9.904761904761905,64860.670652380955,15713.952380952382,486380.6666666666,73.66993753863572,551241.3373190475,65.00171686615494,11.766292957605406,168099.4761904762,174884.04761904763,48.807166001098004,46.913707401135184
2011-08-01,130081.77272727272,365435.6818181818,98689.72727272728,71289.18181818182,179850.45454545456,9.909090909090908,66248.69646818182,15894.772727272728,495517.45454545453,73.74829654656693,561766.1510136364,65.05121057201455,11.792931337825246,169978.90909090912,179860.36363636365,49.218062872648275,46.514042702452926
2011-09-01,130507.59090909091,371336.0909090909,100440.63636363637,67591.31818181818,187574.5,10,65918.41100909091,15679.136363636364,501843.68181818177,73.99437401776957,567762.0928272727,65.40346662806537,11.610216997904601,168031.95454545453,187584.5,50.516097032411466,45.25063915389562
2011-10-01,131386.85,374057.9,101250.15,68180.5,188571.3,10,67054.084255,15881.4,505444.75,74.00569498446666,572498.834255,65.3377574972299,11.7125276494682,169430.65,188581.3,50.415002597191496,45.29530054037089
2011-11-01,135176.61904761905,377035.2380952381,100446.14285714286,67250.23809523809,193326.80952380953,10,60487.40535238095,14199.761904761905,512211.85714285716,73.60923665421552,572699.2624952381,65.83476927358066,10.561809541859484,167696.38095238095,193336.80952380953,51.27818038985872,44.47764134715209
2011-12-01,144225.94736842104,383484.5263157895,108882.1052631579,73051.52631578948,184549,10,56437.594989473684,13159.21052631579,527710.4736842106,72.66949311020726,584148.0686736843,65.6485139438184,9.661522140716132,181933.63157894736,184559,48.12684406672004,47.442235369134494
2012-01-01,149801.61904761905,398958.1904761905,120571.66666666667,75136.80952380953,187322.95238095237,9,57788.41952380953,13375.047619047618,548759.8095238095,72.7017874764534,606548.229047619,65.77518017035855,9.527423666630252,195708.4761904762,187331.95238095237,46.95528425105292,49.05488366008516
2012-02-01,148682.88888888888,406773.6666666667,112904.22222222222,77052.33333333333,200362.55555555556,9,57722.25910555555,13280.833333333334,555456.5555555555,73.2323099976416,613178.8146611111,66.33850631181387,9.413609492926991,189956.55555555556,200371.55555555556,49.25873328957435,46.69834139268821
2012-03-01,149057.68181818182,414913.2272727273,114477.09090909091,77135.90909090909,207108.0909090909,9,57490.31739090909,13197.136363636364,563970.9090909092,73.56996975988444,621461.2264818182,66.76413742199348,9.250829326291212,191613,207117.0909090909,49.918170184762616,46.1814633530713
2012-04-01,150361.0588235294,422308.8823529412,115032.82352941176,77650,212247.23529411765,9,57701.63894117647,13120.70588235294,572669.9411764706,73.7438534813555,630371.5801176471,66.99364242818898,9.153591431010822,192682.82352941175,212256.23529411765,50.260897689745065,45.62604093379657
2012-05-01,154343.14285714287,434408.7619047619,120774.19047619047,79297.66666666667,216771.42857142858,8.761904761904763,55889.82256666667,12560.333333333334,588751.9047619047,73.78468899908523,644641.7273285714,67.38762687686605,8.669904568274998,200071.85714285716,216780.19047619047,49.902352228272164,46.05612839520031
2012-06-01,163379.2,443929.5,124884.95,84797.05,216052.4,8.9,47273.81764,10512.2,607308.7,73.09783311189186,654582.51764,67.81872232098742,7.22197986747931,209682,216061.3,48.67018299076767,47.23317553800773
2012-07-01,174933.61904761905,458842.8095238095,131601.42857142858,92660.66666666667,215374.90476190476,8.095238095238095,44014.8585,9668.47619047619,633776.4285714286,72.39821312983659,677791.2870714286,67.69677012319792,6.493866082312374,224262.09523809527,215383,46.94047624360205,48.87558235266586
2012-08-01,178431.77272727274,473642.7272727273,135268.0909090909,90780.77272727272,229157.18181818182,8,42704.806963636365,9264.227272727272,652074.5,72.63629037368081,694779.3069636363,68.17168020485059,6.146528334337895,226048.86363636365,229165.18181818182,48.383553387958315,47.72560637381071
2012-09-01,180743.8947368421,483935.8947368421,127542.52631578948,91426.84210526316,246147.57894736843,8,41960.82454210526,8985.526315789473,664679.7894736842,72.80737317438805,706640.6140157895,68.48401933575089,5.938071448178561,218969.36842105264,246155.57894736843,50.86532774784656,45.247598039844775
2012-10-01,183604.31818181818,491732.63636363635,129660.86363636363,91291.27272727272,251905.31818181818,7.7272727272727275,42777.98924545455,9043.5,675336.9545454546,72.81293183409521,718114.9437909091,68.47547744484932,5.956983574193668,220952.13636363635,251913.04545454544,51.22967784230122,44.933388598645344
2012-11-01,186321.95,506556.35,138867.55,93640.35,254186.7,7.25,44709.515515,9319.85,692878.3,73.10899331094652,737587.815515,68.67742922872326,6.061585424073583,232507.9,254193.95,50.18078442803057,45.89971086138788
2012-12-01,198863.73684210525,523844.84210526315,151290.26315789475,103845.21052631579,247966.68421052632,7,45793.95480526316,9383.21052631579,722708.5789473684,72.48355109721375,768502.5337526316,68.16436109160314,5.958855409578061,255135.47368421053,247973.68421052632,47.33723886904238,48.7043974049367
2013-01-01,207680.52380952382,540099.5714285715,159599.14285714287,107207.19047619047,253176.2380952381,7.142857142857143,47462.39205714285,9591.57142857143,747780.0952380953,72.22705911376288,795242.4872952381,67.91633747657859,5.968291787146702,266806.3333333334,253183.38095238098,46.87716753462831,49.39947140258353
2013-02-01,205574.29411764705,545437.2941176471,144753.17647058822,108770.35294117648,270844.8823529412,7.529411764705882,45107.79993529412,9002.29411764706,751011.5882352942,72.62701437128291,796119.3881705883,68.51199734891694,5.665959227415356,253523.5294117647,270852.4117647059,49.65784604128754,46.48078379420117
2013-03-01,205391.1052631579,551122.2105263158,146196.42105263157,109398.15789473684,274567,7.157894736842105,43635.329042105266,8583.315789473685,756513.3157894737,72.85029873547988,800148.644831579,68.8774784643071,5.453402855077002,255594.57894736843,274574.15789473685,49.82092041482441,46.37711456108407
2013-04-01,205341.3,560962.65,151288.2,109753.65,277737,7,43247.32487,8388.55,766303.95,73.20367459935449,809551.27487,69.29303521757544,5.342135354792045,261041.85,277744,49.51203079206788,46.53462222484866
2013-05-01,208361.68181818182,575279.5,154876.54545454544,108933.81818181818,289787.0909090909,6.954545454545454,43491.40237727273,8300.40909090909,783641.1818181819,73.41108575550521,827132.5841954546,69.55106242847026,5.258093225716222,263810.36363636365,289794.0454545454,50.37447805015569,45.857772376099554
2013-06-01,214557.72222222222,584825.3333333334,159814.94444444444,116630.27777777778,285465.72222222225,6.666666666666667,44231.115183333335,8300,799383.0555555556,73.15958591677818,843614.1707388889,69.32379203885439,5.2430502850127585,276445.22222222225,285472.38888888893,48.813273402808974,47.26970711863067
2013-07-01,226257.0909090909,595467.9545454546,160521.04545454544,124427.36363636363,287810.54545454547,6.045454545454546,45164.81790454545,8301.181818181818,821725.0454545455,72.46559634994031,866889.863359091,68.69015081547845,5.209983391608406,284948.40909090906,287816.59090909094,48.334522237858,47.85285369527937
2013-08-01,229323.66666666666,613459.5238095238,168610.38095238095,122380.38095238095,299278.8095238095,6.619047619047619,44837.77257619047,8033.9047619047615,842783.1904761904,72.7897199115832,887620.9630523808,69.11278004295195,5.0514548937646575,290990.7619047619,299285.4285714286,48.78649967203953,47.43438655866611
2013-09-01,231330.52380952382,626346.0952380953,171783.52380952382,124403.28571428571,306571.4285714286,6,46750.89404761905,8148.190476190476,857676.619047619,73.02823480644747,904427.5130952381,69.25332170563233,5.1691145360696344,296186.8095238095,306577.4285714286,48.94696892057548,47.288042789062004
2013-10-01,234137.72727272726,640979.2272727273,172673.0909090909,126982.18181818182,316487.8181818182,6,47761.68067272727,8167,875116.9545454546,73.24497873608894,922878.6352181819,69.45433590205396,5.175293787295847,299655.2727272727,316493.8181818182,49.37661077231052,46.749607472033375
2013-11-01,234694.31578947368,654265.5263157894,173791.68421052632,124220.05263157895,330942.05263157893,6.052631578947368,48657.999305263154,8089.736842105263,888959.8421052631,73.5989968642832,937617.8414105263,69.7795516915005,5.189534281052439,298011.7368421053,330948.10526315786,50.5831488824954,45.54905078374345
2013-12-01,245855.26315789475,666465.1052631579,189298.73684210525,138832,311330.4736842105,6.052631578947368,52048.27935789474,8234.21052631579,912320.3684210526,73.05165250410938,964368.6477789474,69.10895608210659,5.397135159647501,328130.7368421053,311336.52631578944,46.71460273870697,49.23449618754471
2014-01-01,251567.95454545456,685271.6363636364,224702.95454545456,137434,297263.63636363635,5.545454545454546,62231.1636,8754.363636363636,936839.5909090909,73.14716873767708,999070.7545090909,68.59090142222763,6.228904541458453,362136.9545454546,297269.1818181818,43.379758630552345,52.84575273932515
2014-02-01,244598.55,685276.8,198642.6,130581.95,329910.2,5.05,69435.87034,8837.6,929875.3500000001,73.69555500100094,999311.2203400001,68.57491300526429,6.948372931945618,329224.55,329915.25,48.14335608618298,48.04256469794395
2014-03-01,240696.94444444444,684077.5,184407.33333333334,131540.61111111112,341013.6111111111,5.833333333333333,66353.68828333334,8366.722222222223,924774.4444444445,73.97236202941978,991128.1327277778,69.02008705143757,6.694763884939382,315947.9444444445,341019.44444444444,49.85099560275618,46.1859868866385
2014-04-01,239538.7894736842,702555.8947368421,191939.15789473685,132231,350178.2105263158,6.578947368421052,66311.00770526315,8287.578947368422,942094.6842105263,74.57380946009506,1008405.6919157894,69.66996521034231,6.575826399718567,324170.15789473685,350184.7894736842,49.84440271543856,46.141546932171416
2014-05-01,240089.95,713889.8,203625.2,131768.7,349883.25,7,67614.5076,8406.9,953979.75,74.83280436508217,1021594.2576,69.87997384373709,6.61852854956768,335393.9,349890.25,49.01180126120306,46.98118673218191
2014-06-01,249577.6,727971.05,216128.05,146355.5,336282.6,7,69965.451185,8610.55,977548.65,74.46903537742085,1047514.101185,69.49510743354033,6.679189435812997,362483.55,336289.6,46.19546340476039,49.793676547989094
2014-07-01,266327.1818181818,737548.7272727273,211775.95454545456,162283.5,334296.2272727273,7,69804.47023636363,8554.363636363636,1003875.9090909092,73.47010926287068,1073680.3793272728,68.69350893185245,6.501419936545777,374059.4545454546,334303.2272727273,45.32625641005414,50.716575151398324
2014-08-01,270554.65,750412.8,217322.2,157983.7,345681.7,7.7,68268.532255,8209.1,1020967.4500000001,73.50016888393455,1089235.9822550002,68.8935007863449,6.267561241749147,375305.9,345689.4,46.06656496264456,50.01325936871013
2014-09-01,273791.95454545453,764168.6363636364,222514.77272727274,159991.36363636365,352174.13636363635,8,69346.46144545455,8236.636363636364,1037960.5909090908,73.62212429417426,1107307.0523545453,69.0114485172591,6.262622575914987,382506.13636363635,352182.13636363635,46.086965573400924,50.05519961978882
2014-10-01,274772.4090909091,785642.6818181818,236014.63636363635,160830.86363636365,357782.6818181818,8,70022.02175454545,8256.863636363636,1060415.0909090908,74.08822154206166,1130437.1126636362,69.49901706314124,6.1942430030055675,396845.5,357790.6818181818,45.54114613403653,50.51221238153663
2014-11-01,277490.05555555556,801620.3333333334,243740.44444444444,164136.66666666666,361420.5,8.055555555555555,71617.68862777778,8411.722222222223,1079110.388888889,74.28529477496046,1150728.0775166668,69.66201216392261,6.22368481547201,407877.1111111111,361428.55555555556,45.08724897890841,50.88158248370003
2014-12-01,297342.1052631579,837493.5263157894,273778.7894736842,174504.42105263157,356094.6842105263,8,74964.85916842106,8768.263157894737,1134835.6315789474,73.79866326108807,1209800.4907473684,69.22575521509484,6.196464602366844,448283.2105263158,356102.6842105263,42.5200521581408,53.52676724539647
2015-01-01,311261.61904761905,883064.1428571428,294196.04761904763,177692,378725.8095238095,8.666666666666666,78731.37020952381,9152.380952380952,1194325.761904762,73.93829816153294,1273057.1321142856,69.36563337032293,6.184433378788525,471888.04761904763,378734.4761904762,42.888671140590716,53.43757318604963
2015-02-01,310783.94444444444,890765.7777777778,252250.55555555556,178620.83333333334,426284.8333333333,9,80756.23732777778,9297.055555555555,1201549.7222222222,74.13474126816317,1282305.95955,69.46593136714225,6.297735476182111,430871.3888888889,426293.8333333333,47.85700618144787,48.37089610287877
2015-03-01,311841.8,896359.9,253383.95,179963,429374.75,9.5,85319.909855,9718.7,1208201.7,74.18959102606793,1293521.609855,69.29609008236665,6.5959400449880485,433346.95,429384.25,47.90310789226515,48.345195941942514
2015-04-01,315295.3,905396.8,264446.55,178700.9,426484.3,9,83614.5686,9431.55,1220692.1,74.17077574271185,1304306.6686,69.41594502248641,6.410652541533743,443147.44999999995,426493.3,47.105677864114384,48.94510892903531
2015-05-01,323866.7894736842,926773.5789473684,269848.2631578947,185158.52631578947,433556.2105263158,9.105263157894736,86077.42899473684,9619.263157894737,1250640.3684210526,74.103923265921,1336717.7974157894,69.33202959809873,6.4394615797849095,455006.78947368416,433565.3157894737,46.78222660187596,49.09578777488261
2015-06-01,338031.13636363635,956588.3181818182,278403.4090909091,199007.86363636365,441939.36363636365,10,89483.75908181818,9896.272727272728,1294619.4545454546,73.88953679192777,1384103.2136272728,69.11249889196625,6.465107385114084,477411.27272727276,441949.36363636365,46.20058129879468,49.90770466805256
2015-07-01,364398.36363636365,991063.6818181818,279424.45454545453,218032.68181818182,455773.13636363635,10,95032.58573181818,10394.5,1355462.0454545454,73.1162989876146,1450494.6311863635,68.32591176208547,6.551736468965126,497457.13636363635,455783.13636363635,45.98928855181813,50.19426556434934
2015-08-01,372426.45,1007519.65,286050.1,210811.2,472198.1,9.75,95969.55084,10382.9,1379946.1,73.01152197176397,1475915.65084,68.26403998267666,6.502373681407882,496861.3,472207.85,46.86835140138457,49.3152962326839
2015-09-01,377298.8181818182,1028696.7727272727,292404.2727272727,215240.81818181818,482645.45454545453,9.954545454545455,94186.80217272727,10058,1405995.5909090908,73.16500701557224,1500182.393081818,68.57144687680446,6.278356725627192,507645.0909090909,482655.40909090906,46.919113764816906,49.34837012885986
2015-10-01,382289.28571428574,1054089.380952381,305109.3333333333,216794.2857142857,492424.61904761905,10,98395.65295238096,10368.714285714286,1436378.6666666667,73.3852016473173,1534774.3196190477,68.68041558149218,6.411082834432891,521903.61904761905,492434.61904761905,46.716590447263506,49.51227367228323
2015-11-01,386352.7894736842,1086956.0526315789,324439.5263157895,220670.7894736842,500424.7894736842,10.368421052631579,98580.23620526317,10240.263157894737,1473308.8421052631,73.77652407749002,1571889.0783105262,69.14966632377421,6.271449911161523,545110.3157894737,500435.15789473685,46.04005439623401,50.15017069638946
2015-12-01,408756.8,1153555.4,378875.15,242300.6,488081.45,12.5,122388.72463499999,10643.7,1562312.2,73.8364201470103,1684700.924635,68.47241448804476,7.2647152289962795,621175.75,488093.95,42.31213776122066,53.84880084649598
2016-01-01,413888.9,1175694.65,366515.2,232501,533914.2,14.45,171724.589145,12575.05,1589583.5499999998,73.9624318583317,1761308.139145,66.75121881686886,9.749832259808954,599016.2,533928.6499999999,45.41388786620743,50.94998093254911
2016-02-01,404558.2631578947,1167920.2631578948,347688.4210526316,229298.47368421053,546163.4210526316,15.105263157894736,191848.88725789473,12948,1572478.5263157897,74.272573113876,1764327.4135736844,66.19634508723334,10.87376899445781,576986.8947368421,546178.5263157894,46.76505267910998,49.40293553746121
2016-03-01,401768.71428571426,1156548.3333333333,329235.7619047619,224061.57142857142,560017.8095238095,16.523809523809526,205373.52163809523,13740.047619047618,1558317.0476190476,74.21778097726796,1763690.5692571427,65.57546734631944,11.644532505755672,553297.3333333333,560034.3333333333,48.42290781909965,47.84039865749954
2016-04-01,398288.85714285716,1136842,306756.2380952381,224396.52380952382,560538.9047619047,18.142857142857142,202862.43298095238,14078.095238095239,1535130.8571428573,74.05505496227589,1737993.2901238096,65.41118463806121,11.672221874142048,531152.7619047619,560557.0476190476,49.30826338392209,46.721775049194335
2016-05-01,400787.28571428574,1158538.7142857143,320026.09523809527,229991.80952380953,561745.619047619,20.61904761904762,200554.11286666666,14186.857142857143,1559326,74.29740248579927,1759880.1128666666,65.83054753647804,11.395896311367727,550017.9047619049,561766.2380952381,48.489207237376576,47.4751424341493
2016-06-01,408995.3,1196350.1,325045.1,243249.25,577929.9,21.3,214903.750045,15201.3,1605345.4000000001,74.52290952464186,1820249.150045,65.72452457788123,11.806282125701701,568294.35,577951.2000000001,48.30953748405254,47.50234484036069
2016-07-01,432062.25,1230530.5,318505.45,269752.2,591236.65,39.65,229498.29044,15392.05,1662592.75,74.01274304847053,1892091.0404400001,65.03548051862472,12.129347136839192,588257.65,591276.3,48.05051967423807,47.805206778702356
2016-08-01,437687.36363636365,1232508.6363636365,324503.4090909091,261703.36363636365,596469.0454545454,92.86363636363636,232773.5070090909,15674.181818181818,1670196,73.79425147489495,1902969.5070090909,64.76765033932563,12.23211965045843,586206.7727272727,596561.9090909091,48.402249809055355,47.562082360477646
2016-09-01,441905.04545454547,1249114.5454545454,328537.9090909091,265992.1818181818,603586.3181818182,145.4090909090909,238886.1207909091,15818.681818181818,1691019.5909090908,73.86753838747796,1929905.7116999999,64.72412293936554,12.378123933343925,594530.0909090909,603731.7272727273,48.33277536232939,47.596122635233975
2016-10-01,447845.7,1277187.45,344067.35,270234.15,608042.8,305.2,299681.65818,19741.15,1725033.15,74.0384293484447,2024714.80818,63.07986906798264,14.801178762029279,614301.5,608348,47.63184918548957,48.097990627765725
2016-11-01,457115.7619047619,1329471.5714285714,363262.5238095238,285486.09523809527,625418.380952381,381.2857142857143,391520.2280380952,25519.095238095237,1786587.3333333333,74.41402648635732,2178107.5613714284,61.03792094599222,17.97524764073532,648748.619047619,625799.6666666666,47.0713086398846,48.79747961443901
2016-12-01,496561.6,1405320.1,414586.9,325574.5,601689.6,398.3,387802.74276,24500.4,1901881.7000000002,73.89103644038427,2289684.44276,61.376147461875505,16.936951464479538,740161.4,602087.9,42.84347032394968,52.66852726293462
2017-01-01,519897.5909090909,1441251.1363636365,432558.0909090909,324668.13636363635,627869.2272727273,464.77272727272725,400217.80144999997,25160.727272727272,1961148.7272727273,73.49014974340642,2361366.528722727,61.03462206450496,16.948567559585058,757226.2272727273,628334,43.59642703112274,52.539506000547185
2017-02-01,516522,1488038.5555555555,399699.44444444444,322570.72222222225,707463.7222222222,550.9444444444445,490846.1654333333,31468.833333333332,2004560.5555555555,74.23265670031863,2495406.7209888888,59.63110314000718,19.669986511810748,722270.1666666667,708014.6666666667,47.580397969078916,48.53840406016959
2017-03-01,515580.5909090909,1497837.2727272727,423283.86363636365,322956.36363636365,692802.0909090909,899.7272727272727,531131.1690272727,34212.181818181816,2013417.8636363635,74.39276763056434,2544549.0326636364,58.86454745025429,20.8732927606934,746240.2272727273,693701.8181818182,46.313563616875484,49.821181570276174
2017-04-01,514479.1111111111,1492198.1666666667,425837.5,319449.8888888889,685253.6111111111,1193.111111111111,477314.7483555556,31074.5,2006677.277777778,74.36164166463017,2483992.0261333333,60.07258280089866,19.21563126346102,745287.3888888889,686446.7222222222,46.00238343380592,49.94560411193523
2017-05-01,522751.71428571426,1496522.1904761905,417651.95238095237,325272.2380952381,689644.9047619047,1347.2380952380952,429592.30085714284,27379.809523809523,2019273.9047619049,74.11189670440709,2448866.205619048,61.11081883699258,17.542497824969836,742924.1904761905,690992.1428571428,46.17319724723029,49.64337951044972
2017-06-01,543364.1904761905,1541925.238095238,437838.85714285716,350480.14285714284,687449.9523809524,1449,425800.7009619048,26422.04761904762,2085289.4285714286,73.94298445907177,2511090.1295333332,61.4046154680156,16.956806765077626,788319,688898.9523809524,44.677843994042085,51.12563051200988
2017-07-01,578690.8571428572,1562686.0476190476,420134.4285714286,380350.61904761905,694629.7142857143,1426.7142857142858,501196.74083809525,29188.095238095237,2141376.904761905,72.9757589214683,2642573.6456,59.13500462781758,18.96623549820871,800485.0476190476,696056.4285714286,44.54230775477645,51.22494366918353
2017-08-01,588219.5,1572582.6818181819,432832.63636363635,376635.8181818182,695444.9090909091,1486.0454545454545,541522.6803772728,31096.090909090908,2160802.1818181816,72.77772556185363,2702324.8621954545,58.19369476327749,20.03914066561644,809468.4545454546,696930.9545454545,44.31760330335571,51.473824804529
2017-09-01,596458.7619047619,1584687.3333333333,445827.1904761905,375322.61904761905,693898.4285714285,1496.047619047619,543834.1733666667,31540.47619047619,2181146.095238095,72.65388305684989,2724980.268604762,58.154084695252536,19.957361880096087,821149.8095238095,695394.4761904761,43.88212498220319,51.8177808487022
2017-10-01,610373.9047619047,1589484.238095238,435745.90476190473,378592.95238095237,702777,1981.3333333333333,505821.91038095235,28983.571428571428,2199858.1428571427,72.25394252153185,2705680.0532380952,58.74620083749297,18.694816106420138,814338.857142857,704758.3333333334,44.33880603798136,51.23289917732823
2017-11-01,619616.85,1635661.95,447531.65,388215.35,724418.5,2126.4,517724.715165,29600.15,2255278.8,72.52593116203639,2773003.5151649998,58.985210118014386,18.670178827169437,835747,726544.9,44.41901335419583,51.095337884457116
2017-12-01,657469.052631579,1743511.0526315789,499585.7894736842,445433.4736842105,715960.6842105263,2853,539984.9918789474,30509.263157894737,2400980.1052631577,72.61663888049928,2940965.097142105,59.28363632488679,18.360809259643375,945019.2631578947,718813.6842105263,41.22793962938064,54.202080435998624
2018-01-01,688225.7272727273,1843550.9090909092,512408.2272727273,470357.7272727273,781214.9229545455,5116.5315909090905,628267.4477045455,32981.77272727273,2531776.6363636367,72.81649110005144,3160044.084068182,58.33940476923841,19.88160389508635,982765.9545454546,786331.4545454546,42.65309141547981,53.30831655905155
2018-02-01,677442.7777777778,1969789.611111111,489685.8333333333,453543.72222222225,937435.2187222223,7757.225722222222,619941.3365111111,31257.666666666668,2647232.388888889,74.40939523778954,3267173.7254,60.29032358449044,18.974850700209146,943229.5555555555,945192.4444444445,47.984436465338256,47.88478679322014
2018-03-01,671239.65,2025559.15,495064.85,447606.65,997864.87485,8453.22515,602703.76573,29781.15,2696798.8,75.10976161810811,3299502.56573,61.38983406281589,18.26650392668067,942671.5,1006318.1,49.68100289739749,46.538828550131456
2018-04-01,659896.2105263158,2033392.1578947369,498556.3157894737,457600.6842105263,982720.8313157895,10674.800263157895,612288.0876894736,30258.78947368421,2693288.3684210526,75.49849402449313,3305576.4561105263,61.51399566438428,18.522883854573323,956157,993395.6315789474,48.85410950967053,47.022754380539794
2018-05-01,655419.7142857143,2107822.5714285714,558795.2857142857,455960.95238095237,998954.334952381,12813.284095238096,709469.7339238095,29990.428571428572,2763242.2857142854,76.28077285606929,3472712.019638095,60.69672807618053,20.42984646903564,1014756.2380952381,1011767.619047619,48.00060653880825,48.142393570037996
2018-06-01,657942.05,2141114.7,644207.1,473984.1,923172.55585,14550.09415,797999.54971,30067.55,2799056.75,76.49415111001233,3597056.29971,59.524080848348696,22.184794543647705,1118191.2,937722.65,43.796002614899606,52.22472201045557
2018-07-01,681889.9047619047,2241329.9523809524,580739.2380952381,516443.28571428574,1045835.6599523809,14543.292428571429,856475.7804238095,31004.47619047619,2923219.8571428573,76.6733281078495,3779695.637566667,59.29921790802975,22.659913986492327,1097182.5238095238,1060378.9523809524,47.31025662930698,48.95229828361473
2018-08-01,671184.5,2356634.8181818184,578804.8181818182,511320.1818181818,1168757.0883181817,13750.457136363637,953280.0554318182,31608.81818181818,3027819.3181818184,77.8327426617041,3981099.3736136365,59.19557883436367,23.945145950138084,1090125,1182507.5454545454,50.177801682777016,46.25769727195361
2018-09-01,659342.85,2411548.8,699903,518747.2,1092824.88935,15101.21065,1181988.16359,30632.2,3070891.65,78.52927015513555,4252879.813589999,56.70390196059479,27.792653811024202,1218650.2,1107926.1,45.942512131622635,50.53392243192425
2018-10-01,647065.5,2474478.8636363638,550050.3636363636,521485.0909090909,1287951.523590909,28334.340045454544,1137163.0616227272,30635.590909090908,3121544.3636363638,79.27098177626995,4258707.425259091,58.10398828902461,26.70207055967327,1071535.4545454546,1316285.8636363635,53.19446785259743,43.30347978688258
2018-11-01,632468.8421052631,2611276.5789473685,553674.7894736842,506559.4736842105,1423369.7984210525,36088.93842105263,1125893.2609736843,30880.052631578947,3243745.421052632,80.50189641886199,4369638.682026316,59.75955379762545,25.76627824183344,1060234.2631578946,1459458.7368421052,55.89062256401915,40.60214347670845
2018-12-01,682980.2777777778,2668124.4444444445,597173.5,562649,1379097.0561666668,35333.1105,1237035.885338889,32649.833333333332,3351104.722222222,79.61924993723048,4588140.607561111,58.15263028442196,26.961594928025807,1159822.5,1414430.1666666667,53.01215127397023,43.469580379392596
2019-01-01,716323.0454545454,2725763.409090909,591246.9545454546,569555.0454545454,1447956.1445454545,28179.673636363637,1246258.724981818,33316.09090909091,3442086.4545454546,79.18927793029128,4688345.1795272725,58.13913661889863,26.58205992220647,1160802,1476135.8181818181,54.15495025205198,42.58630797260384
2019-02-01,697464.95,2757538.2,601645.75,534689.15,1500081.9698,28514.2802,1268969.651595,33038.3,3455003.1500000004,79.81289973643005,4723972.801595001,58.373286972967875,26.86234034130225,1136334.9,1528596.25,55.433366254001484,41.208310369009574
2019-03-01,698146.5789473684,2746159.3157894737,588880.8947368421,560284.5789473684,1457579.6518421052,43472.66394736842,1415619.0350473684,34217.89473684211,3444305.8947368423,79.73041302707205,4859924.92978421,56.50620854160824,29.12841361749644,1149165.4736842106,1501052.3157894737,54.660059493232524,41.84627843974322
2019-04-01,706378.7368421053,2737680.5263157897,594692.2105263158,576634.3684210526,1429153.116631579,39118.67284210526,1502912.4526631578,34765.05263157895,3444059.263157895,79.48993664544498,4946971.715821053,55.340533230872026,30.380453719932344,1171326.5789473685,1468271.789473684,53.63196236229939,42.78536402213707
2019-05-01,718108.0909090909,2824202.727272727,631370.4090909091,584121.0454545454,1472698.9397727272,36653.24204545454,1573903.3807818182,35027.22727272727,3542310.818181818,79.72769393292036,5116214.1989636365,55.20102594306569,30.76304704170977,1215491.4545454546,1509352.1818181816,53.44347865833736,43.03839249242667
2019-06-01,745847.8888888889,2877931.5,638578.8888888889,596370,1508555.1012777777,26327.398722222224,1523050.0802666666,34771.11111111111,3623779.388888889,79.41795543139898,5146829.469155556,55.91658937307251,29.59200590177227,1234948.888888889,1534882.5,53.3328364486785,42.9109896774433
2019-07-01,795746.1428571428,2945966.476190476,641064.0476190476,624421.6666666666,1547659.4606190475,22850.634619047618,1465422.0819428572,34438.333333333336,3741712.619047619,78.7331036914405,5207134.700990476,56.5755764994923,28.14258063391584,1265485.714285714,1570510.0952380951,53.310521621039364,42.956555158161684
2019-08-01,801050.2380952381,3021866.9523809524,679883.1904761905,612516.4761904762,1600268.9407619047,19230.773523809523,1750927.076852381,33347.333333333336,3822917.1904761903,79.04610018519764,5573844.2673285715,54.21513066114548,31.413275880625996,1292399.6666666667,1619499.7142857143,53.59268756057239,42.7682517805218
2019-09-01,814549.0952380953,2994752.476190476,732083,621772.4761904762,1514968.8023809523,16017.435714285713,1420869.538847619,25154.285714285714,3809301.5714285714,78.61683880983406,5230171.110276191,57.25916825754352,27.16678878929808,1353855.4761904762,1530986.238095238,51.12229642573847,45.20759184454103
2019-10-01,819787.6363636364,3003255.409090909,794267.5454545454,619115.5909090909,1458462.6559545454,16824.48040909091,1344075.2684136364,22971.954545454544,3823043.0454545454,78.55667261350006,5167118.313868182,58.12244323940451,26.01208617202035,1413383.1363636362,1475287.1363636362,49.12293279812017,47.06170284702725
2019-11-01,826359.8947368421,3017509.8947368423,794905.1578947369,577639.4210526316,1508554.9093157894,19720.406473684212,1248522.533831579,20900.052631578947,3843869.7894736845,78.50187597405608,5092392.323305263,59.255251818035504,24.517406644372876,1372544.5789473685,1528275.3157894735,50.646903211654745,45.486000935452395
2019-12-01,921233.6315789474,3203059.789473684,886467.1578947369,680929.7368421053,1487415.3837894737,26046.563578947367,1239728.1170578948,20702.36842105263,4124293.4210526315,77.66323737112226,5364021.538110526,59.71377569453161,23.111915346532864,1567396.8947368423,1513461.9473684211,47.25050566780423,48.93436269556465
2020-01-01,1001533.1818181818,3512318.6818181816,939941.5909090909,792533.8181818182,1621765.2994545454,37441.06418181818,1294093.9521727273,21564.772727272728,4513851.863636363,77.81200597461908,5807945.815809091,60.47437068468741,22.281439827662204,1732475.4090909092,1659206.3636363635,47.23963039644971,49.32568955258007
2020-02-01,1010163.6666666666,3699856,916694.5555555555,873636.2777777778,1719479.234,61320.59933333333,1297465.4201722222,21149.61111111111,4710019.666666667,78.55287794622797,6007485.086838889,61.58743544957924,21.597480500029715,1790330.8333333333,1780799.8333333333,48.13159845500293,48.38920307529085
2020-03-01,1031360.5789473684,3918648.8947368423,988864.4210526316,930099.2105263158,1787633.951,70244.10163157895,1310071.4742894736,20756.263157894737,4950009.47368421,79.16447262514544,6260080.9479736835,62.5974157092212,20.927388721922657,1918963.6315789474,1857878.0526315789,47.411189482346956,48.970032353659384
2020-04-01,1142047.15,4283770.1,1159740.4,1103175.15,1747531.27565,75327.97435,1347546.71763,20492.35,5425817.25,78.95161046937214,6773363.96763,63.24435126286135,19.89479266240445,2262915.55,1822859.25,42.5526862424293,52.82532669061769
2020-05-01,1249503.7894736843,4605728,1271382.3684210526,1168256,1916137.2741578948,86998.14689473684,1326754.217894737,19591.894736842107,5855231.7894736845,78.66004567539076,7181986.007368421,64.12889130213722,18.473361219773217,2439638.3684210526,2003135.4210526317,43.492264872190276,52.96965796549541
2020-06-01,1329801,4979342.952380952,1370048.142857143,1208520.857142857,2171308.4886666667,83156.36847619047,1334734.8478571428,19194.04761904762,6309143.952380952,78.92263974262058,7643878.800238095,65.1415738332462,17.461486278609858,2578569,2254464.8571428573,45.27635229593593,51.785326390643895
2020-07-01,1433276.857142857,5261602.761904762,1382672.4285714286,1303818.9523809524,2358531.2562857145,72246.2199047619,1379336.7871761904,19298.238095238095,6694879.619047619,78.59144691616206,8074216.406223809,65.16549095524596,17.083227867325466,2686491.380952381,2430777.476190476,46.19842253751794,51.05842273771043
2020-08-01,1468499.3,5438039.65,1423516.15,1258203,2557603.48055,54749.91945,1430630.75225,19519.35,6906538.95,78.73755131721947,8337169.70225,65.22644787393982,17.15966932835621,2681719.15,2612353.4,48.038513290354544,49.31407864964721
2020-09-01,1481616.5454545454,5584692.7727272725,1444079.6363636365,1205642.5454545454,2733195.2652727272,52044.68927272727,1459107.5545454544,19406.272727272728,7066309.318181818,79.03266785049581,8525416.872727273,65.506389377775193,17.11479422446925,2649722.1818181816,2785239.9545454546,49.87275160680484,47.44615844864454
2020-10-01,1486464.8095238095,5716905.571428572,1522116.3333333333,1231269.0952380951,2750171.168095238,54870.59380952381,1365760.517595238,17609.761904761905,7203370.3809523815,79.3643151620467,8569130.89854762,66.71511544300868,15.938145113721166,2753385.428571428,2805041.7619047617,49.06573542028651,48.16216385192797
2020-11-01,1469209.5263157894,5775085.631578947,1599847.9473684211,1260000.1578947369,2698130.202736842,53858.42884210526,1357418.2192368421,16981.842105263157,7244295.157894737,79.71908247395656,8601713.37713158,67.13878245388327,15.780788776869262,2859848.1052631577,2751988.6315789474,47.65277620353718,49.52044502379536
2020-12-01,1539560.388888889,6053691.5,1702378,1376709.0555555555,2743078.8158888887,60729.68411111111,1468063.7513277777,17760.333333333332,7593251.888888889,79.72462376571876,9061315.640216667,66.8080854962387,16.201441486179977,3079087.0555555555,2803808.5,46.31568192730006,50.86296610184968
2021-01-01,1612610.85,6310675.8,1703239.65,1418510.8,2957242.65715,71301.89285,1584135.5516300001,18427.25,7923286.65,79.6471979213323,9507422.20163,66.37630754336402,16.66209323657056,3121750.45,3028544.55,47.99081185568112,49.46776777853174
2021-02-01,1583709.611111111,6445518.222222222,1690927.7777777778,1399943.4444444445,3103619.6883333335,86228.645,1630449.8927722222,18387.055555555555,8029227.833333333,80.27569220870353,9659677.726105556,66.72601721280022,16.87892638867117,3090871.222222222,3189848.3333333335,49.4894005936666,47.953804731570244
2021-03-01,1579224.2727272727,6734785.7727272725,1749722.6363636365,1420489.2272727273,3292533.714409091,108429.33104545454,1680752.6074409091,18456.045454545456,8314010.045454545,81.00526383666484,9994762.652895454,67.38314862110532,16.81633337189853,3170211.8636363638,3400963.0454545454,50.498459197126245,47.07220052157021
2021-04-01,1570693,7038966.65,1893831.2,1364719.85,3480220.744,130097.106,1722498.39086,18548.7,8609659.65,81.75661914812162,10332158.040860001,68.12678069928275,16.671235419049275,3258551.05,3610317.85,51.2904525552767,46.29303152047182
2021-05-01,1619801.5789473683,7319614.263157895,1963858.9473684211,1456358,3568067.4855789472,153423.09336842105,1761833.1815894737,18721.78947368421,8939415.842105264,81.88023012289023,10701249.023694737,68.39962556661175,16.46380882912282,3420216.947368421,3721490.578947368,50.84271445394185,46.72673756298245
2021-06-01,1720651.9047619049,7542064.523809524,1932242.0476190476,1572528.4761904762,3669942.6946190475,179209.54347619048,1796285.1930047618,18857.85714285714,9262716.42857143,81.42389526840694,11059001.62157619,68.19842135744788,16.24274283042148,3504770.523809524,3849152.238095238,51.03579034551957,46.46964385872492
2021-07-01,1872430.5714285714,7838561.904761905,1943064.619047619,1724195.0952380951,3785941.9390000002,197790.72766666667,1818192.1558380954,18892.666666666668,9710992.476190476,80.7184427748305,11529184.63202857,67.98886612489528,15.770344684975202,3667259.714285714,3983732.666666667,50.822239016146064,46.78485363568876
2021-08-01,1916035.5238095238,8075404.952380952,2037271.6666666667,1725628.2857142857,3918566.5361428573,202290.94004761905,1847354.2002380954,19003.04761904762,9991440.476190476,80.82323036027267,11838794.676428571,68.21137770434814,15.604242245338018,3762899.9523809524,4120857.476190476,51.02973164182289,46.597043424695364
2021-09-01,1946034.0454545454,8382873.409090909,2080438.6818181819,1834854.7727272727,4084303.7115454543,191437.47027272728,1861304.6413045456,18937.727272727272,10328907.454545455,81.15934280543725,12190212.09585,68.7672482084602,15.26884542015641,3915293.4545454546,4275741.181818182,51.00567518031826,46.70586400958253
2021-10-01,1979572.1578947369,8723242.578947369,2283953.789473684,1885953.7368421052,4177601.0044736844,175776.6797368421,1888855.1527421053,19031.684210526317,10702814.736842105,81.50419112571863,12591669.88958421,69.2778849464852,15.000831258327066,4169907.526315789,4353377.684210527,49.90549838332992,47.80226490983323
2021-11-01,2056275.9523809524,9050848.238095239,2464852.714285714,1968418.4285714286,4240418.671619047,173634.18552380952,1881701.8743238095,18759.428571428572,11107124.19047619,81.4868734956245,12988826.0648,69.68180336653545,14.487081934396384,4433271.142857143,4414052.857142857,48.76949365435167,48.98183050067503
2021-12-01,2229223.2,9566078.5,2641005.15,2237030.5,4281231.45545,179177.94455000001,1858038.176635,18234.8,11795301.7,81.10075302270565,13653339.876635,70.06401793579062,13.608671529628191,4878035.65,4460409.4,46.62735519053079,50.99305478206143
2022-01-01,2412701,10041962.714285715,2815506.904761905,2284291.6666666665,4530240.915904762,189968.51266666668,1948554.160652381,18739.428571428572,12454663.714285715,80.62813211702705,14403217.874938095,69.72027224387783,13.528602966167073,5099798.571428571,4720209.428571429,47.00484918009555,50.78487857929992
2022-02-01,2418991,10154786.105263159,2663294.5789473685,2258399.8947368423,4781650.971631579,206284.76521052633,1965671.1471,18490.736842105263,12573777.105263159,80.76162015797581,14539448.252363158,69.84299492666551,13.51957180892687,4921694.47368421,4987935.736842105,49.11906253009988,48.466746839043005
2022-03-01,2393054.714285714,10542962.238095239,2740473.619047619,2251419.5714285714,5070664.7747142855,232000.7967142857,2015109.6251809525,18409.95238095238,12936016.952380953,81.50083813978569,14951126.577561906,70.51617270044201,13.477978496986001,4991893.19047619,5302665.571428571,50.295784540214626,47.34810841339083
2022-04-01,2391605.4736842103,11000479.105263159,2806379.736842105,2302157.3157894737,5355549.433473684,278860.9349473684,2089449.8575631578,18436.105263157893,13392084.578947369,82.14164897491864,15481534.436510528,71.05548322988209,13.496400283395365,5108537.052631579,5634410.368421053,51.21968156573544,46.43922327153378
2022-05-01,2472239.25,11630853.95,2935310.7,2462667.1,5649670.40475,324602.34525,2176737.42673,18482.55,14103093.2,82.47023390584982,16279830.626729999,71.44333511002993,13.370762120559137,5397977.800000001,5974272.75,51.36572753542315,46.410846728928284
2022-06-01,2640106.55,12490438.65,3101577.55,2715751.1,6016866.58515,375153.06485,2272664.7554,18516.45,15130545.2,82.55114726467359,17403209.955399998,71.77088986462738,13.058882592488755,5817328.65,6392019.649999999,51.175301597594405,46.57425421964664
2022-07-01,2900472.523809524,13529536.952380951,3251165.3333333335,3022659.380952381,6544177.111190476,421527.79357142857,2326228.601904762,18114.380952380954,16430009.476190476,82.34649512519917,18756238.07809524,72.1335317671278,12.402426287292032,6273824.714285715,6965704.904761905,51.48516855586893,46.37131881428977
2022-08-01,2902958.272727273,14060051.954545455,3370182.409090909,2972664.3181818184,6990467.382636364,432365.7991818182,2374812.5088772727,17555,16963010.227272727,82.88653821560537,19337822.73615,72.7075232118127,12.280661278572037,6342846.7272727275,7422833.181818182,52.7937820273734,45.11254117536996
2022-09-01,2858280.1428571427,15155213.333333334,3719236.4285714286,3173011.5714285714,7537762.873190477,422849.0315714286,2507403.4129809523,17457.571428571428,18013493.476190478,84.13256070159237,20520896.88917143,73.85258751205224,12.218780819000518,6892248,7960611.904761905,52.527217728125486,45.47773659405212
2022-10-01,2913634.8421052634,16230296.05263158,3969328.8421052634,3281218,8252702.901789473,406249.9403157895,2675869.9969894737,17535.263157894737,19143930.89473684,84.7803731734829,21819800.891726315,74.38333710362052,12.263494109169972,7250546.842105264,8658952.842105262,53.350553890243425,44.67291797138636
2022-11-01,3018917,16949520.666666668,3969411.1428571427,3421469.714285714,8828662.70447619,400733.15266666666,2932450.137942857,18084.85714285714,19968437.666666668,84.88155633207359,22900887.804609526,74.01250471719722,12.804962685126158,7390880.857142856,9229395.857142858,54.45225289051157,43.605249980183444
2022-12-01,3385373.7,18277868.05,4388338.8,4155937.1,8992256.87165,388164.62835,3257551.94967,18834.4,21663241.75,84.37272805673233,24920793.699670002,73.34384398134974,13.071621991369947,8544275.9,9380421.5,51.32120154461888,46.74656736019057
2023-01-01,3714718.8636363638,19258727.727272727,4524304.7272727275,4172610.3181818184,9855565.439136364,366717.65177272726,3562329.432209091,19546.68181818182,22973446.59090909,83.83038065735279,26535776.02311818,72.5764632264546,13.424628807183032,8696915.045454547,10222283.09090909,53.07870403314898,45.15830520382011
2023-02-01,3664860.1666666665,20025833.388888888,4702287.888888889,4532642.277777778,10080140.628722223,339697.03794444446,3758565.129388889,19587,23690693.555555556,84.53038042946089,27449258.684944443,72.95582594320769,13.692774630195794,9234930.166666668,10419837.666666668,52.03198021435652,46.11508538661151
2023-03-01,3659797.6818181816,21076851.681818184,4755416.909090909,4793871.681818182,10830849.939863637,325726.1965,3922756.047968182,19316.863636363636,24736649.363636367,85.20495792288588,28659405.41160455,73.5425295085986,13.687499763619693,9549288.59090909,11156576.136363637,52.9328398035262,45.306997150559845
2023-04-01,3730913.777777778,22493455.5,4651830.666666667,5208301.166666667,11887191.478,335370.1886666667,3992179.80055,18440,26224369.277777776,85.77310387045492,30216549.078327775,74.44084842942237,13.21189852024933,9860131.833333334,12222561.666666666,54.338301496925034,43.83555845091624
2023-05-01,3856649.2,24447302.4,5056930.1,5696685.65,12896647.251,349589.599,4126119.84937,17847.55,28303951.599999998,86.37416692021195,32430071.449369997,75.38467017615812,12.723129074235068,10753615.75,13246236.85,54.182815892194306,43.986921640892376
2023-06-01,4028805.9,26506158.15,5489155.15,6307680.95,13878115.5468,353434.4532,4381407.2788,17614.95,30534964.049999997,86.80592551737423,34916371.3288,75.91326687529232,12.548289275369498,11796836.100000001,14231550,53.6914852747153,44.50602019817799
2023-07-01,4448943.952380952,28290195.57142857,5764942.238095238,6738211.380952381,14963049.31504762,328827.7801904762,4755886.983490476,17847.238095238095,32739139.523809522,86.41093193929102,37495026.5073,75.45052826118335,12.684047529782493,12503153.61904762,15291877.095238097,54.053628072765925,44.19606639861856
2023-08-01,4632062.863636363,31005705.454545453,6575207.636363637,7415259.181818182,16195665.115636364,308019.92981818184,5657707.416963636,17586.590909090908,35637768.31818181,87.00237674177494,41295475.73514545,75.08257237040944,13.700550281222492,13990466.818181818,16503685.045454545,53.227897264421365,45.12223351502815
2023-09-01,4741662.333333333,33382502.333333332,7227071.476190476,8032661.285714285,17284625.07809524,292112.540952381,5991415.694614286,17118.428571428572,38124164.666666664,87.56258038755368,44115580.36128095,75.67055008672685,13.581178453390109,15259732.761904761,17576737.61904762,52.65254666513353,45.71177022480878
2023-10-01,5126997.35,35629021.2,8725458.4,9279029.9,16707706.7752,277543.3248,5889339.301725,16825.7,40756018.550000004,87.42026936779868,46645357.851725005,76.3827802827809,12.625777940102575,18004488.3,16985250.1,47.67251394489613,50.53321055028028
2023-11-01,5318616.55,36872860.1,9413374.5,9557051.1,17002603.5981,263262.5519,5903428.791655,16684.9,42191476.65,87.39409716772737,48094905.441654995,76.66687305317876,12.2745408010347,18970425.6,17265866.15,46.825405198225994,51.44820756662703
2023-12-01,6023908,39739163.578947365,10734554.52631579,11965194.631578946,15946969.658421053,384036.76263157895,10866321.188778948,16835.473684210527,45763071.578947365,86.83674895027978,56629392.76772632,70.17409447059289,19.188482619527182,22699749.157894738,16331006.421052631,41.09549610577188,57.12185942917126
2024-01-01,6683259.454545454,47547943,13465416.363636363,15017053.272727273,17607080.573136363,740551.6995909091,14993986.836363636,18321.545454545456,54231202.45454545,87.67635760953833,69225189.29090908,68.68589813483426,21.659726741018396,28482469.636363637,18347632.272727273,38.58764673106316,59.90263266775523
2024-02-01,6766811.947368421,51218545.21052632,14007154.52631579,14037122.315789474,21459367.093052633,900587.7490526316,15489244.914842105,18551.57894736842,57985357.15789474,88.33013664304538,73474602.07273684,69.70918353504257,21.081087175549975,28044276.842105262,22359954.842105266,43.655974120697785,54.75414564555353
2024-03-01,7052303.052631579,55919801.94736842,14753302.631578946,14137257.894736841,25229163.13868421,927455.440263158,15862401.598989474,18653.526315789473,62972105,88.80090946200451,78834506.59898947,70.93315397002208,20.12114020028991,28890560.526315786,26156618.57894737,46.77523465402455,51.664275480638345
2024-04-01,7647601.9,61145986.3,15120871.5,14039779.4,30086219.6703,923753.1797,16627324.15702,19134.3,68793588.2,88.8832635422846,85420912.35702,71.58198690788737,19.465168069764292,29160650.9,31009972.849999998,50.71464985102383,47.6902126607777
2024-05-01,8637173.363636363,67930207.95454545,17350902.454545453,15998478.954545455,32390684.075045455,1030890.0613181818,17209017.625,19403.590909090908,76567381.31818181,88.71951317266043,93776398.94318181,72.43849062246855,18.35111799870538,33349381.409090906,33421574.136363637,49.19987019431357,49.093595343335586
2024-06-01,10071308.352941176,70769920.47058824,18814889.352941178,18125221.647058822,31442706.67852941,1090871.9097058824,17721870.937970586,19608.176470588234,80841228.8235294,87.54186632302915,98563099.7615,71.80163838377156,17.980228889770544,36940111,32533578.588235293,45.970913026186246,52.19747422967954
2024-07-01,12175757.5,74280280.31818181,18412949.636363637,20417353.318181816,33081605.637272727,1074169.2718181817,18866556.102704547,20420.909090909092,86456037.81818181,85.91682222865015,105322593.92088637,70.52644409230734,17.91311379671893,38830302.95454545,34155774.90909091,45.982291346752625,52.27538559118878
2024-08-01,12750438.045454545,77205123.5,19212356.636363637,20030176.5,35476640.73590909,1100652.9459090908,19942064.933127273,21147.954545454544,89955561.54545455,85.82584797826897,109897626.47858182,70.25185709087782,18.14603788282345,39242533.13636364,36577293.68181818,47.37676986141753,50.82892346692981
2024-09-01,13079440.714285715,80686686.47619048,20113241.476190478,19885963.714285713,38138949.86790476,1164018.8463809523,24604194.34027143,25560.52380952381,93766127.1904762,86.05099612601448,118370321.53074762,68.1646255858412,20.78577976480388,39999205.190476194,39302968.71428571,48.710599518649794,49.57348843700429
2024-10-01,13637939.818181818,86029894.77272727,22124925.727272727,19364893.09090909,41986698.930818185,1130678.2055454545,32902327.806386363,33514.954545454544,99667834.59090908,86.3166086890928,132570162.39729545,64.89385938512086,24.81880327473869,41489818.81818181,43117377.13636364,50.11906297255228,48.227210933814476
2024-11-01,14183937.05263158,91246115.89473684,23653943.210526317,19514581.05263158,45425486.82831579,1060667.592736842,35695687.10736316,35633.15789473684,105430052.94736841,86.54659022156395,141125740.05473158,64.65589895886438,25.2935340452561,43168524.2631579,46486154.42105263,50.9458994119595,47.309985570188964
2024-12-01,15949805.315789474,96318031.5263158,24815358.210526317,22291737.94736842,46463984.81057895,978195.0315263158,34704098.59720527,34001.52631578947,112267836.84210527,85.79307683800708,146971935.43931055,65.53498206199279,23.612738373126827,47107096.15789474,47442179.84210526,49.25576145017376,48.907868455580136
2025-01-01,17877789.727272727,98879116,24355100.09090909,22466998.454545453,49547702.79618182,818181.8856363636,35753344.70744546,34260.63636363636,116756905.72727272,84.68802370539636,152510250.4347182,64.83440668292985,23.44324044156601,46822098.54545455,50365884.68181819,50.93682743059534,47.35286928076354
2025-02-01,18114699.3,101700795.65,23320728.85,21691851.25,54262298.3658,708129.5842,35149064.66094,33208.5,119815494.95,84.88117141479955,154964559.61094,65.62842233432853,22.682002097245068,45012580.1,54970427.95,54.051128704222684,44.25981115714113
2025-03-01,18602961.277777776,103461382.94444445,24646407.666666668,21844651.166666668,54508203.06916667,596335.4863888889,34217636.868716665,32008.555555555555,122064344.22222222,84.75970899093149,156281981.0909389,66.20173498072137,21.89480618933655,46491058.833333336,55104538.55555556,53.26097234283538,44.935663442946236
2025-04-01,19183397.157894738,106803354.26315789,25995524.89473684,24400884.736842107,53867847.818842106,616503.7074736842,36016770.51371579,32096.947368421053,125986751.42105263,84.77348059100032,162003521.93476844,65.92656319296738,22.23209105800683,50396409.63157895,54484351.52631579,51.01370823248603,47.18616749377068
2025-05-01,19254298.5,111769136.05,27804564.8,25142845.95,56039433.12865,783445.57135,37995212.08316,33112.3,131023434.55,85.30469105307085,169018646.63316,66.1282871898655,22.47989369221802,52947410.75,56822878.7,50.83950785356366,47.37212133975335
2025-06-01,20117266.684210528,116136433.57894737,27811579.10526316,25794131.684210528,59559361.33231579,774738.9834736842,38945576.117005266,32966.84210526316,136253700.2631579,85.23543460078045,175199276.38016316,66.28819249626584,22.229301925024878,53605710.78947368,60334100.31578947,51.951053133361015,46.15753139434364
2025-07-01,21591650.863636363,120473678.77272727,27878704.818181816,27757808.636363637,62083561.55018182,663183.9043636364,44298761.282495454,34951,142065329.63636363,84.80160436124476,186364090.91885906,64.64425532769627,23.77000905275398,55636513.45454545,62746745.45454546,52.08336467662513,46.18146803626985
2025-08-01,21700790.6,119764788.4,28642161.2,26310000.75,62161484.24575,444638.20425,46765921.247225,35175.5,141465579,84.66002065421159,188231500.247225,63.626326222072194,24.844896409900684,54952161.95,62606122.45,52.27423125476837,45.88340419929302
2025-09-01,21610112.136363637,123458585.0909091,27217275.954545453,26162933.727272727,67465132.5245,363859.61186363635,49130811.304936364,35107.36363636364,145068697.22727272,85.10353194768958,194199508.5322091,63.573067730206326,25.29914296708312,53380209.68181818,67828992.13636364,54.94068483485175,43.237341204349214
2025-10-01,21525710.09090909,125136320.45454545,28186805.545454547,26772124.727272727,67593882.1740909,273010.00772727275,53418640.36856818,37301.72727272727,146662030.54545453,85.32291554204436,200080670.9140227,62.54293324931831,26.698551201641497,54958930.27272727,67866892.18181817,54.2343677161821,43.91924748393938
2025-11-01,21437660.23529412,127180765.41176471,29017052.70588235,26483876.29411765,69010016.64405882,188394.12064705882,53924708.74484706,37770.41176470588,148618425.64705884,85.5753685036305,202543134.3919059,62.7919409826449,26.623814678658402,55500929,69198410.76470588,54.4094938732809,43.639404764005256
2025-12-01,22945562.842105262,133424988.36842105,30756255.42105263,30931954.63157895,69012994.52494738,231425.89610526315,57010717.057115786,39375.68421052631,156370551.21052632,85.32616105495914,213381268.2676421,62.52891336322332,26.717770271009815,61688210.05263158,69244420.42105263,51.89764021552755,46.234375439699804
2026-01-01,23945871.85714286,131715277.85714285,29130789.42857143,28261170.38095238,71524655.88780953,312353.1598095238,59211041.47674762,40857.380952380954,155661149.7142857,84.61666774201834,214872191.1910333,61.29935992510108,27.556400457658903,57391959.809523806,71837009.04761906,54.53961773935807,43.57274322555853
2026-02-01,23439141.777777776,133300792.83333333,29095607.944444444,28056190.888888888,73131557.91705555,380484.7496111111,58112009.335766666,41228.5,156739934.6111111,85.04583925217727,214851943.94687778,62.04309366932793,27.047467324817354,57151798.83333333,73512042.66666666,55.147490951969914,42.87431276180819
2026-03-01,23283214.45,136435237.8,29669242.65,28415579.7,75200706.3143,564516.2357,58572110.13178,41945.95,159718452.25,85.42233904598835,218290562.38178,62.50166581246016,26.832177027122277,58084822.349999994,75765222.55,55.5320046138403,42.57318218270441
2026-04-01,22996898.95,142037002.05,30326968.1,27321867.4,80521928.87995,1074237.37005,57969901.16071,41963.25,165033901,86.06534850678953,223003802.16071,63.69263692985807,25.995028156037176,57648835.5,81596166.25,57.447119463473626,40.587195356113185
2026-05-01,23402557.684210528,146385689.42105263,31105632.157894738,28543223.842105262,82293464.41373684,1492926.323105263,58313526.21340527,41735,169788247.10526317,86.21662094803199,228101773.31866843,64.17560341214237,25.564696567237398,59648856,83786390.7368421,57.23673609641261,40.74773718381076
2026-06-01,24636433.285714287,149899246.57142857,31795893.19047619,30449185.714285713,82790016.76157142,1870376.7622380953,61232090.30767143,42220.90476190476,174535679.85714287,85.88458628867222,235767770.1648143,63.5791934014734,25.97135743569484,62245078.9047619,84660393.52380952,56.478198163236236,41.524610915973795
2026-07-01,26331208.23809524,152973157.19047618,31430358.57142857,32958346.85714286,83715524.15323809,1765619.5134285714,64235135.11603333,43198.23809523809,179304365.4285714,85.31479801110328,243539500.54460472,62.81246239250575,26.37565363006423,64388705.42857143,85481143.66666666,55.879832276867305,42.0915058636053
2026-08-01,26374139.85,157782548.8,33839965.2,31074114.95,88085077.03315,1690862.3668499999,65232106.79957,43488.45,184156688.65,85.67842414883692,249388795.44957,63.2676975385231,26.156791319344126,64914080.150000006,89775939.4,56.898522734473666,41.141482783551034
2026-09-01,26513711.454545453,161353171.1818182,33872853.36363637,31407230.636363637,91124369.90772727,1824232.2286363635,66874868.269218184,44173.454545454544,187866882.63636363,85.88696896308991,254741750.9055818,63.339900353288606,26.252025053405898,65280084,92948602.13636364,57.605686616240114,40.45788720597267
