indice_tiempo,mensual_pesos_corrientes,mensual_pesos
1971-01-01,170.0,1.7e-09
1971-02-01,170.0,1.7e-09
1971-03-01,170.0,1.7e-09
1971-04-01,170.0,1.7e-09
1971-05-01,250.0,2.5e-09
1971-06-01,250.0,2.5e-09
1971-07-01,250.0,2.5e-09
1971-08-01,250.0,2.5e-09
1971-09-01,250.0,2.5e-09
1971-10-01,288.0,2.88e-09
1971-11-01,288.0,2.88e-09
1971-12-01,288.0,2.88e-09
1972-01-01,288.0,2.88e-09
1972-02-01,288.0,2.88e-09
1972-03-01,288.0,2.88e-09
1972-04-01,288.0,2.88e-09
1972-05-01,288.0,2.88e-09
1972-06-01,288.0,2.88e-09
1972-07-01,330.0,3.3e-09
1972-08-01,330.0,3.3e-09
1972-09-01,330.0,3.3e-09
1972-10-01,370.0,3.7e-09
1972-11-01,370.0,3.7e-09
1972-12-01,370.0,3.7e-09
1973-01-01,462.0,4.62e-09
1973-02-01,462.0,4.62e-09
1973-03-01,462.0,4.62e-09
1973-04-01,462.0,4.62e-09
1973-05-01,462.0,4.62e-09
1973-06-01,615.0,6.15e-09
1973-07-01,615.0,6.15e-09
1973-08-01,615.0,6.15e-09
1973-09-01,615.0,6.15e-09
1973-10-01,615.0,6.15e-09
1973-11-01,615.0,6.15e-09
1973-12-01,615.0,6.15e-09
1974-01-01,800.0,8e-09
1974-02-01,800.0,8e-09
1974-03-01,800.0,8e-09
1974-04-01,800.0,8e-09
1974-05-01,800.0,8e-09
1974-06-01,1000.0,1e-08
1974-07-01,1000.0,1e-08
1974-08-01,1000.0,1e-08
1974-09-01,1000.0,1e-08
1974-10-01,1000.0,1e-08
1974-11-01,1000.0,1e-08
1974-12-01,1000.0,1e-08
1975-01-01,1300.0,1.3e-08
1975-02-01,1300.0,1.3e-08
1975-03-01,1630.0,1.63e-08
1975-04-01,1630.0,1.63e-08
1975-05-01,1630.0,1.63e-08
1975-06-01,4238.0,4.238e-08
1975-07-01,4238.0,4.238e-08
1975-08-01,4238.0,4.238e-08
1975-09-01,4238.0,4.238e-08
1975-10-01,4238.0,4.238e-08
1975-11-01,4660.0,4.66e-08
1975-12-01,4660.0,4.66e-08
1976-01-01,6480.0,6.48e-08
1976-02-01,6480.0,6.48e-08
1976-03-01,8060.0,8.06e-08
1976-04-01,8060.0,8.06e-08
1976-05-01,8060.0,8.06e-08
1976-06-01,10000.0,1e-07
1976-07-01,10000.0,1e-07
1976-08-01,10000.0,1e-07
1976-09-01,11200.0,1.12e-07
1976-10-01,11200.0,1.12e-07
1976-11-01,12880.0,1.288e-07
1976-12-01,12880.0,1.288e-07
1977-01-01,15456.0,1.5456e-07
1977-02-01,15456.0,1.5456e-07
1977-03-01,18240.0,1.824e-07
1977-04-01,18240.0,1.824e-07
1977-05-01,21240.0,2.124e-07
1977-06-01,21240.0,2.124e-07
1977-07-01,26600.0,2.66e-07
1977-08-01,26600.0,2.66e-07
1977-09-01,30000.0,3e-07
1977-10-01,30000.0,3e-07
1977-11-01,30000.0,3e-07
1977-12-01,30000.0,3e-07
1978-01-01,48600.0,4.86e-07
1978-02-01,48600.0,4.86e-07
1978-03-01,48600.0,4.86e-07
1978-04-01,56000.0,5.6e-07
1978-05-01,56000.0,5.6e-07
1978-06-01,80000.0,8e-07
1978-07-01,80000.0,8e-07
1978-08-01,80000.0,8e-07
1978-09-01,100000.0,1e-06
1978-10-01,100000.0,1e-06
1978-11-01,100000.0,1e-06
1978-12-01,140000.0,1.4e-06
1979-01-01,140000.0,1.4e-06
1979-02-01,140000.0,1.4e-06
1979-03-01,175000.0,1.75e-06
1979-04-01,175000.0,1.75e-06
1979-05-01,175000.0,1.75e-06
1979-06-01,175000.0,1.75e-06
1979-07-01,175000.0,1.75e-06
1979-08-01,218750.0,2.1875e-06
1979-09-01,218750.0,2.1875e-06
1979-10-01,218750.0,2.1875e-06
1979-11-01,218750.0,2.1875e-06
1979-12-01,300000.0,3e-06
1980-01-01,300000.0,3e-06
1980-02-01,300000.0,3e-06
1980-03-01,300000.0,3e-06
1980-04-01,372000.0,3.72e-06
1980-05-01,372000.0,3.72e-06
1980-06-01,372000.0,3.72e-06
1980-07-01,446400.0,4.464e-06
1980-08-01,446400.0,4.464e-06
1980-09-01,446400.0,4.464e-06
1980-10-01,517830.0,5.1783e-06
1980-11-01,517830.0,5.1783e-06
1980-12-01,517830.0,5.1783e-06
1981-01-01,621400.0,6.214e-06
1981-02-01,621400.0,6.214e-06
1981-03-01,621400.0,6.214e-06
1981-04-01,720830.0,7.2083e-06
1981-05-01,720830.0,7.2083e-06
1981-06-01,720830.0,7.2083e-06
1981-07-01,1000000.0,1e-05
1981-08-01,1000000.0,1e-05
1981-09-01,1000000.0,1e-05
1981-10-01,1150000.0,1.15e-05
1981-11-01,1150000.0,1.15e-05
1981-12-01,1150000.0,1.15e-05
1982-01-01,1150000.0,1.15e-05
1982-02-01,1150000.0,1.15e-05
1982-03-01,1150000.0,1.15e-05
1982-04-01,1500000.0,1.5e-05
1982-05-01,1500000.0,1.5e-05
1982-06-01,1500000.0,1.5e-05
1982-07-01,1850000.0,1.85e-05
1982-08-01,1850000.0,1.85e-05
1982-09-01,2500000.0,2.5e-05
1982-10-01,2800000.0,2.8e-05
1982-11-01,3276000.0,3.276e-05
1982-12-01,4000000.0,4e-05
1983-01-01,4560000.0,4.56e-05
1983-02-01,5100000.0,5.1e-05
1983-03-01,6000000.0,6e-05
1983-04-01,7000000.0,7e-05
1983-05-01,7840000.0,7.84e-05
1983-06-01,880.0,8.8e-05
1983-07-01,880.0,8.8e-05
1983-08-01,1040.0,0.000104
1983-09-01,1400.0,0.00014
1983-10-01,1680.0,0.000168
1983-11-01,2000.0,0.0002
1983-12-01,2380.0,0.000238
1984-01-01,2761.0,0.0002761
1984-02-01,3037.0,0.0003037
1984-03-01,3341.0,0.0003341
1984-04-01,4260.0,0.000426
1984-05-01,4644.0,0.0004644
1984-06-01,5387.0,0.0005387
1984-07-01,6626.0,0.0006626
1984-08-01,7952.0,0.0007952
1984-09-01,9630.0,0.000963
1984-10-01,12134.0,0.0012134
1984-11-01,14075.0,0.0014075
1984-12-01,16328.0,0.0016328
1985-01-01,19594.0,0.0019594
1985-02-01,23513.0,0.0023513
1985-03-01,28216.0,0.0028216
1985-04-01,36116.0,0.0036116
1985-05-01,46770.0,0.004677
1985-06-01,58510.0,0.005851
1985-07-01,58.51,0.005850999999999999
1985-08-01,58.51,0.005850999999999999
1985-09-01,58.51,0.005850999999999999
1985-10-01,67.0,0.0067
1985-11-01,67.0,0.0067
1985-12-01,67.0,0.0067
1986-01-01,70.0,0.007
1986-02-01,70.0,0.007
1986-03-01,70.0,0.007
1986-04-01,80.0,0.008
1986-05-01,80.0,0.008
1986-06-01,95.0,0.0095
1986-07-01,95.0,0.0095
1986-08-01,95.0,0.0095
1986-09-01,105.0,0.0105
1986-10-01,105.0,0.0105
1986-11-01,115.0,0.0115
1986-12-01,115.0,0.0115
1987-01-01,126.0,0.0126
1987-02-01,126.0,0.0126
1987-03-01,132.0,0.0132
1987-04-01,132.0,0.0132
1987-05-01,140.0,0.014
1987-06-01,140.0,0.014
1987-07-01,140.0,0.014
1987-08-01,150.0,0.015
1987-09-01,165.0,0.0165
1987-10-01,185.0,0.0185
1987-11-01,185.0,0.0185
1987-12-01,185.0,0.0185
1988-01-01,185.0,0.0185
1988-02-01,260.0,0.026
1988-03-01,300.0,0.03
1988-04-01,400.0,0.04
1988-05-01,400.0,0.04
1988-06-01,700.0,0.07
1988-07-01,820.0,0.082
1988-08-01,940.0,0.094
1988-09-01,1185.0,0.1185
1988-10-01,1305.0,0.1305
1988-11-01,1305.0,0.1305
1988-12-01,1470.0,0.147
1989-01-01,1470.0,0.147
1989-02-01,1700.0,0.17
1989-03-01,1700.0,0.17
1989-04-01,2585.0,0.2585
1989-05-01,3232.0,0.3232
1989-06-01,7200.0,0.72
1989-07-01,16400.0,1.64
1989-08-01,28000.0,2.8
1989-09-01,28000.0,2.8
1989-10-01,40000.0,4.0
1989-11-01,40000.0,4.0
1989-12-01,64000.0,6.4
1990-01-01,104600.0,10.46
1990-02-01,130000.0,13.0
1990-03-01,200200.0,20.02
1990-04-01,400400.0,40.04
1990-05-01,470470.0,47.047
1990-06-01,530000.0,53.0
1990-07-01,530000.0,53.0
1990-08-01,620000.0,62.0
1990-09-01,670000.0,67.0
1990-10-01,750000.0,75.0
1990-11-01,800000.0,80.0
1990-12-01,800000.0,80.0
1991-01-01,800000.0,80.0
1991-02-01,1000000.0,100.0
1991-03-01,1200000.0,120.0
1991-04-01,1200000.0,120.0
1991-05-01,1200000.0,120.0
1991-06-01,1200000.0,120.0
1991-07-01,1200000.0,120.0
1991-08-01,1500000.0,150.0
1991-09-01,1500000.0,150.0
1991-10-01,1500000.0,150.0
1991-11-01,1500000.0,150.0
1991-12-01,1500000.0,150.0
1992-01-01,150.0,150.0
1992-02-01,150.0,150.0
1992-03-01,150.0,150.0
1992-04-01,150.0,150.0
1992-05-01,150.0,150.0
1992-06-01,150.0,150.0
1992-07-01,150.0,150.0
1992-08-01,150.0,150.0
1992-09-01,150.0,150.0
1992-10-01,150.0,150.0
1992-11-01,150.0,150.0
1992-12-01,150.0,150.0
1993-01-01,150.0,150.0
1993-02-01,150.0,150.0
1993-03-01,150.0,150.0
1993-04-01,150.0,150.0
1993-05-01,150.0,150.0
1993-06-01,150.0,150.0
1993-07-01,150.0,150.0
1993-08-01,150.0,150.0
1993-09-01,150.0,150.0
1993-10-01,150.0,150.0
1993-11-01,150.0,150.0
1993-12-01,150.0,150.0
1994-01-01,150.0,150.0
1994-02-01,150.0,150.0
1994-03-01,150.0,150.0
1994-04-01,150.0,150.0
1994-05-01,150.0,150.0
1994-06-01,150.0,150.0
1994-07-01,150.0,150.0
1994-08-01,150.0,150.0
1994-09-01,150.0,150.0
1994-10-01,150.0,150.0
1994-11-01,150.0,150.0
1994-12-01,150.0,150.0
1995-01-01,150.0,150.0
1995-02-01,150.0,150.0
1995-03-01,150.0,150.0
1995-04-01,150.0,150.0
1995-05-01,150.0,150.0
1995-06-01,150.0,150.0
1995-07-01,150.0,150.0
1995-08-01,150.0,150.0
1995-09-01,150.0,150.0
1995-10-01,150.0,150.0
1995-11-01,150.0,150.0
1995-12-01,150.0,150.0
1996-01-01,150.0,150.0
1996-02-01,150.0,150.0
1996-03-01,150.0,150.0
1996-04-01,150.0,150.0
1996-05-01,150.0,150.0
1996-06-01,150.0,150.0
1996-07-01,150.0,150.0
1996-08-01,150.0,150.0
1996-09-01,150.0,150.0
1996-10-01,150.0,150.0
1996-11-01,150.0,150.0
1996-12-01,150.0,150.0
1997-01-01,150.0,150.0
1997-02-01,150.0,150.0
1997-03-01,150.0,150.0
1997-04-01,150.0,150.0
1997-05-01,150.0,150.0
1997-06-01,150.0,150.0
1997-07-01,150.0,150.0
1997-08-01,150.0,150.0
1997-09-01,150.0,150.0
1997-10-01,150.0,150.0
1997-11-01,150.0,150.0
1997-12-01,150.0,150.0
1998-01-01,150.0,150.0
1998-02-01,150.0,150.0
1998-03-01,150.0,150.0
1998-04-01,150.0,150.0
1998-05-01,150.0,150.0
1998-06-01,150.0,150.0
1998-07-01,150.0,150.0
1998-08-01,150.0,150.0
1998-09-01,150.0,150.0
1998-10-01,150.0,150.0
1998-11-01,150.0,150.0
1998-12-01,150.0,150.0
1999-01-01,150.0,150.0
1999-02-01,150.0,150.0
1999-03-01,150.0,150.0
1999-04-01,150.0,150.0
1999-05-01,150.0,150.0
1999-06-01,150.0,150.0
1999-07-01,150.0,150.0
1999-08-01,150.0,150.0
1999-09-01,150.0,150.0
1999-10-01,150.0,150.0
1999-11-01,150.0,150.0
1999-12-01,150.0,150.0
2000-01-01,150.0,150.0
2000-02-01,150.0,150.0
2000-03-01,150.0,150.0
2000-04-01,150.0,150.0
2000-05-01,150.0,150.0
2000-06-01,150.0,150.0
2000-07-01,150.0,150.0
2000-08-01,150.0,150.0
2000-09-01,150.0,150.0
2000-10-01,150.0,150.0
2000-11-01,150.0,150.0
2000-12-01,150.0,150.0
2001-01-01,150.0,150.0
2001-02-01,150.0,150.0
2001-03-01,150.0,150.0
2001-04-01,150.0,150.0
2001-05-01,150.0,150.0
2001-06-01,150.0,150.0
2001-07-01,150.0,150.0
2001-08-01,150.0,150.0
2001-09-01,150.0,150.0
2001-10-01,150.0,150.0
2001-11-01,150.0,150.0
2001-12-01,150.0,150.0
2002-01-01,150.0,150.0
2002-02-01,150.0,150.0
2002-03-01,150.0,150.0
2002-04-01,150.0,150.0
2002-05-01,150.0,150.0
2002-06-01,150.0,150.0
2002-07-01,150.0,150.0
2002-08-01,150.0,150.0
2002-09-01,150.0,150.0
2002-10-01,150.0,150.0
2002-11-01,150.0,150.0
2002-12-01,150.0,150.0
2003-01-01,150.0,150.0
2003-02-01,150.0,150.0
2003-03-01,150.0,150.0
2003-04-01,150.0,150.0
2003-05-01,150.0,150.0
2003-06-01,150.0,150.0
2003-07-01,220.0,220.0
2003-08-01,220.0,220.0
2003-09-01,220.0,220.0
2003-10-01,220.0,220.0
2003-11-01,220.0,220.0
2003-12-01,220.0,220.0
2004-01-01,240.0,240.0
2004-02-01,240.0,240.0
2004-03-01,240.0,240.0
2004-04-01,240.0,240.0
2004-05-01,240.0,240.0
2004-06-01,260.0,260.0
2004-07-01,260.0,260.0
2004-08-01,260.0,260.0
2004-09-01,308.0,308.0
2004-10-01,308.0,308.0
2004-11-01,308.0,308.0
2004-12-01,308.0,308.0
2005-01-01,308.0,308.0
2005-02-01,308.0,308.0
2005-03-01,308.0,308.0
2005-04-01,308.0,308.0
2005-05-01,308.0,308.0
2005-06-01,308.0,308.0
2005-07-01,350.0,350.0
2005-08-01,350.0,350.0
2005-09-01,390.0,390.0
2005-10-01,390.0,390.0
2005-11-01,390.0,390.0
2005-12-01,390.0,390.0
2006-01-01,390.0,390.0
2006-02-01,390.0,390.0
2006-03-01,390.0,390.0
2006-04-01,390.0,390.0
2006-05-01,390.0,390.0
2006-06-01,470.0,470.0
2006-07-01,470.0,470.0
2006-08-01,470.0,470.0
2006-09-01,470.0,470.0
2006-10-01,470.0,470.0
2006-11-01,470.0,470.0
2006-12-01,470.0,470.0
2007-01-01,530.0,530.0
2007-02-01,530.0,530.0
2007-03-01,530.0,530.0
2007-04-01,530.0,530.0
2007-05-01,530.0,530.0
2007-06-01,530.0,530.0
2007-07-01,530.0,530.0
2007-08-01,530.0,530.0
2007-09-01,596.25,596.25
2007-10-01,596.25,596.25
2007-11-01,596.25,596.25
2007-12-01,596.25,596.25
2008-01-01,596.25,596.25
2008-02-01,596.25,596.25
2008-03-01,655.0,655.0
2008-04-01,655.0,655.0
2008-05-01,655.0,655.0
2008-06-01,655.0,655.0
2008-07-01,690.0,690.0
2008-08-01,690.0,690.0
2008-09-01,690.0,690.0
2008-10-01,690.0,690.0
2008-11-01,690.0,690.0
2008-12-01,690.0,690.0
2009-01-01,690.0,690.0
2009-02-01,690.0,690.0
2009-03-01,770.0,770.0
2009-04-01,770.0,770.0
2009-05-01,770.0,770.0
2009-06-01,770.0,770.0
2009-07-01,770.0,770.0
2009-08-01,770.0,770.0
2009-09-01,827.23,827.23
2009-10-01,827.23,827.23
2009-11-01,827.23,827.23
2009-12-01,827.23,827.23
2010-01-01,827.23,827.23
2010-02-01,827.23,827.23
2010-03-01,895.15,895.15
2010-04-01,895.15,895.15
2010-05-01,895.15,895.15
2010-06-01,895.15,895.15
2010-07-01,895.15,895.15
2010-08-01,895.15,895.15
2010-09-01,1046.43,1046.43
2010-10-01,1046.43,1046.43
2010-11-01,1046.43,1046.43
2010-12-01,1046.43,1046.43
2011-01-01,1046.43,1046.43
2011-02-01,1046.43,1046.43
2011-03-01,1227.78,1227.78
2011-04-01,1227.78,1227.78
2011-05-01,1227.78,1227.78
2011-06-01,1227.78,1227.78
2011-07-01,1227.78,1227.78
2011-08-01,1227.78,1227.78
2011-09-01,1434.0,1434.0
2011-10-01,1434.0,1434.0
2011-11-01,1434.0,1434.0
2011-12-01,1434.0,1434.0
2012-01-01,1434.0,1434.0
2012-02-01,1434.0,1434.0
2012-03-01,1686.67,1686.67
2012-04-01,1686.67,1686.67
2012-05-01,1686.67,1686.67
2012-06-01,1686.67,1686.67
2012-07-01,1686.67,1686.67
2012-08-01,1686.67,1686.67
2012-09-01,1879.67,1879.67
2012-10-01,1879.67,1879.67
2012-11-01,1879.67,1879.67
2012-12-01,1879.67,1879.67
2013-01-01,1879.67,1879.67
2013-02-01,1879.67,1879.67
2013-03-01,2165.0,2165.0
2013-04-01,2165.0,2165.0
2013-05-01,2165.0,2165.0
2013-06-01,2165.0,2165.0
2013-07-01,2165.0,2165.0
2013-08-01,2165.0,2165.0
2013-09-01,2477.0,2477.0
2013-10-01,2477.0,2477.0
2013-11-01,2477.0,2477.0
2013-12-01,2477.0,2477.0
2014-01-01,2477.0,2477.0
2014-02-01,2477.0,2477.0
2014-03-01,2757.0,2757.0
2014-04-01,2757.0,2757.0
2014-05-01,2757.0,2757.0
2014-06-01,2757.0,2757.0
2014-07-01,2757.0,2757.0
2014-08-01,2757.0,2757.0
2014-09-01,3231.63,3231.63
2014-10-01,3231.63,3231.63
2014-11-01,3231.63,3231.63
2014-12-01,3231.63,3231.63
2015-01-01,3231.63,3231.63
2015-02-01,3231.63,3231.63
2015-03-01,3821.71,3821.71
2015-04-01,3821.71,3821.71
2015-05-01,3821.71,3821.71
2015-06-01,3821.71,3821.71
2015-07-01,3821.71,3821.71
2015-08-01,3821.71,3821.71
2015-09-01,4299.0,4299.0
2015-10-01,4299.0,4299.0
2015-11-01,4299.0,4299.0
2015-12-01,4299.0,4299.0
2016-01-01,4299.0,4299.0
2016-02-01,4299.0,4299.0
2016-03-01,4958.8965,4958.8965
2016-04-01,4958.8965,4958.8965
2016-05-01,4958.8965,4958.8965
2016-06-01,4958.8965,4958.8965
2016-07-01,4958.8965,4958.8965
2016-08-01,4958.8965,4958.8965
2016-09-01,5661.08,5661.08
2016-10-01,5661.08,5661.08
2016-11-01,5661.08,5661.08
2016-12-01,5661.08,5661.08
2017-01-01,5661.08,5661.08
2017-02-01,5661.08,5661.08
2017-03-01,6394.85,6394.85
2017-04-01,6394.85,6394.85
2017-05-01,6394.85,6394.85
2017-06-01,6394.85,6394.85
2017-07-01,6394.85,6394.85
2017-08-01,6394.85,6394.85
2017-09-01,7246.64,7246.64
2017-10-01,7246.64,7246.64
2017-11-01,7246.64,7246.64
2017-12-01,7246.64,7246.64
2018-01-01,7246.64,7246.64
2018-02-01,7246.64,7246.64
2018-03-01,7660.42,7660.42
2018-04-01,7660.42,7660.42
2018-05-01,7660.42,7660.42
2018-06-01,8096.3,8096.3
2018-07-01,8096.3,8096.3
2018-08-01,8096.3,8096.3
2018-09-01,8637.13,8637.13
2018-10-01,8637.13,8637.13
2018-11-01,8637.13,8637.13
2018-12-01,9309.1,9309.1
2019-01-01,9309.1,9309.1
2019-02-01,9309.1,9309.1
2019-03-01,10410.37,10410.37
2019-04-01,10410.37,10410.37
2019-05-01,10410.37,10410.37
2019-06-01,11528.44,11528.44
2019-07-01,11528.036555885274,11528.036555885274
2019-08-01,11528.036555885274,11528.036555885274
2019-09-01,12937.22,12937.22
2019-10-01,12937.22,12937.22
2019-11-01,12937.22,12937.22
2019-12-01,14067.93,14067.93
2020-01-01,14067.93,14067.93
2020-02-01,14067.93,14067.93
2020-03-01,15892.0,15892.0
2020-04-01,15892.0,15892.0
2020-05-01,15892.0,15892.0
2020-06-01,16864.05,16864.05
2020-07-01,16864.05,16864.05
2020-08-01,16864.05,16864.05
2020-09-01,18128.85,18128.85
2020-10-01,18128.85,18128.85
2020-11-01,18128.85,18128.85
2020-12-01,19035.2925,19035.2925
2021-01-01,19035.2925,19035.2925
2021-02-01,19035.2925,19035.2925
2021-03-01,20571.44,20571.44
2021-04-01,20571.44,20571.44
2021-05-01,20571.44,20571.44
2021-06-01,23064.7,23064.7
2021-07-01,23064.7,23064.7
2021-08-01,23064.7,23064.7
2021-09-01,25922.0,25922.0
2021-10-01,25922.0,25922.0
2021-11-01,25922.0,25922.0
2021-12-01,29062.0,29062.0
2022-01-01,29062.0,29062.0
2022-02-01,29062.0,29062.0
2022-03-01,32630.0,32630.0
2022-04-01,32630.0,32630.0
2022-05-01,32630.0,32630.0
2022-06-01,37524.0,37524.0
2022-07-01,37524.0,37524.0
2022-08-01,37524.0,37524.0
2022-09-01,43352.586288,43352.586288
2022-10-01,43352.586288,43352.586288
2022-11-01,43352.586288,43352.586288
2022-12-01,50124.26026618559,50124.26026618559
2023-01-01,50124.26026618559,50124.26026618559
2023-02-01,50124.26026618559,50124.26026618559
2023-03-01,58665.43,58665.43
2023-04-01,58665.43,58665.43
2023-05-01,58665.43,58665.43
2023-06-01,70938.0,70938.0
2023-07-01,70938.0,70938.0
2023-08-01,70938.0,70938.0
2023-09-01,87459.76,87459.76
2023-10-01,87459.76,87459.76
2023-11-01,87459.76,87459.76
2023-12-01,105713.0,105713.0
2024-01-01,105713.0,105713.0
2024-02-01,105713.0,105713.0
2024-03-01,134445.7934,134445.7934
2024-04-01,171283.31,171283.31
2024-05-01,190141.6,190141.6
2024-06-01,206931.1,206931.1
2024-07-01,215580.82,215580.82
2024-08-01,225454.42,225454.42
2024-09-01,234540.23,234540.23
2024-10-01,244320.56,244320.56
2024-11-01,252798.48,252798.48
2024-12-01,259598.76,259597.8
2025-01-01,265907.01,265907.01
2025-02-01,273086.5,273086.5
2025-03-01,279121.71,279121.71
2025-04-01,285820.63,285820.63
2025-05-01,296481.74,296481.74
2025-06-01,304723.93,304723.93
2025-07-01,309294.79,309294.79
2025-08-01,314305.37,314305.37
2025-09-01,320277.17,320277.17
2025-10-01,326298.38,326298.38
2025-11-01,333085.39,333085.39
2025-12-01,340879.59,340879.59
2026-01-01,349299.32,349299.32
2026-02-01,359254.35,359254.35
2026-03-01,369600.88,369600.88
2026-04-01,380319.31,380319.31
2026-05-01,393174.1,393174.1
2026-06-01,403317.99,403317.99
2026-07-01,411989.33,411989.33
2026-08-01,419775.93,419775.93
2026-09-01,428633.20212299994,428633.20212299994
