"country","iso2c","iso3c","year","vab_manuf_pib","empleo_ind_pct","vab_manuf_usd","poblacion","vab_ind_per_capita"
"Argentina","AR","ARG",1960,NA,NA,NA,20386045,NA
"Argentina","AR","ARG",1976,39.1167603264945,NA,53065336240.4485,26282283,2019.05352896659
"Argentina","AR","ARG",1983,30.6694675312814,NA,52513621577.0551,29391332,1786.70437859213
"Argentina","AR","ARG",1989,30.9493718883737,NA,47691380171.6432,32270948,1477.84255273949
"Argentina","AR","ARG",1999,16.9615250614589,21.7393029257151,60044363410.4194,36794682,1631.87613390488
"Argentina","AR","ARG",2001,16.0932258763829,20.2977811255828,53497281607.2143,37624825,1421.86127396511
"Argentina","AR","ARG",2002,20.347773913878,18.6580046727594,47636536297.7045,38029349,1252.62560496906
"Argentina","AR","ARG",2015,14.1815854549835,22.3689252873984,84344878153.7785,43477012,1939.98792174997
"Argentina","AR","ARG",2018,14.0601434041581,20.7848673724352,77745909363.6869,44654882,1741.03940894272
"Brasil","BR","BRA",1960,0,NA,31388440446.6511,72388126,433.613110065194
"Brasil","BR","BRA",1976,0,NA,113848947253.428,110213349,1032.98691389396
"Brasil","BR","BRA",1983,32.682327574828,NA,121325366523.312,129790077,934.781528200434
"Brasil","BR","BRA",1989,29.2608957285905,NA,155792227340.109,146502972,1063.40659997061
"Brasil","BR","BRA",1999,12.3085333278888,23.6144610208287,153246761678.619,171641543,892.830249601164
"Brasil","BR","BRA",2001,13.0895379357967,23.2229430205378,163121309959.093,176301203,925.242183169295
"Brasil","BR","BRA",2002,12.3569626659174,23.6962749162024,166535447030.725,178503484,932.953482469423
"Brasil","BR","BRA",2015,10.5209374571105,22.8198148101811,189609619123.365,201675532,940.171657131739
"Brasil","BR","BRA",2018,10.5284573770078,20.5300447836496,187314313277.19,206107261,908.819574664039
"Perú","PE","PER",1960,18.0843518321439,NA,4762965755.53123,10174127,468.144908701378
"Perú","PE","PER",1976,19.7859178942627,NA,11168806148.8238,15716809,710.628101978194
"Perú","PE","PER",1983,NA,NA,9449172648.36849,18705957,505.142433951307
"Perú","PE","PER",1989,NA,NA,10195613425.3823,21532589,473.496866790255
"Perú","PE","PER",1999,14.6733467169829,16.0937920705209,12908804245.5041,26186504,492.956381100131
"Perú","PE","PER",2001,15.5812564716453,15.8454113776061,13743752690.7263,26964601,509.696126811826
"Perú","PE","PER",2002,15.4989075774167,15.9032494863897,14656243252.3434,27288217,537.090541765459
"Perú","PE","PER",2015,13.7880201715375,17.0712534538066,26170072656.4396,30457600,859.229639119287
"Perú","PE","PER",2018,13.1690240955292,15.9663078119716,27823912846.0144,31897584,872.289037502477
