"Country/Area","Year","Unit","Population"
"Argentina","1970","Persons","23878327"
"Argentina","1971","Persons","24257208"
"Argentina","1972","Persons","24644328"
"Argentina","1973","Persons","25046005"
"Argentina","1974","Persons","25461351"
"Argentina","1975","Persons","25874107"
"Argentina","1976","Persons","26282283"
"Argentina","1977","Persons","26701805"
"Argentina","1978","Persons","27132158"
"Argentina","1979","Persons","27568895"
"Argentina","1980","Persons","28011596"
"Argentina","1981","Persons","28463959"
"Argentina","1982","Persons","28924262"
"Argentina","1983","Persons","29391332"
"Argentina","1984","Persons","29863093"
"Argentina","1985","Persons","30336441"
"Argentina","1986","Persons","30811980"
"Argentina","1987","Persons","31291762"
"Argentina","1988","Persons","31780532"
"Argentina","1989","Persons","32270948"
"Argentina","1990","Persons","32755901"
"Argentina","1991","Persons","33230294"
"Argentina","1992","Persons","33693527"
"Argentina","1993","Persons","34152717"
"Argentina","1994","Persons","34613491"
"Argentina","1995","Persons","35070020"
"Argentina","1996","Persons","35513793"
"Argentina","1997","Persons","35947791"
"Argentina","1998","Persons","36372860"
"Argentina","1999","Persons","36794682"
"Argentina","2000","Persons","37213984"
"Argentina","2001","Persons","37624825"
"Argentina","2002","Persons","38029349"
"Argentina","2003","Persons","38424282"
"Argentina","2004","Persons","38815916"
"Argentina","2005","Persons","39216789"
"Argentina","2006","Persons","39622115"
"Argentina","2007","Persons","40016763"
"Argentina","2008","Persons","40424148"
"Argentina","2009","Persons","40854831"
"Argentina","2010","Persons","41288694"
"Argentina","2011","Persons","41730660"
"Argentina","2012","Persons","42161721"
"Argentina","2013","Persons","42582455"
"Argentina","2014","Persons","43024071"
"Argentina","2015","Persons","43477012"
"Argentina","2016","Persons","43900313"
"Argentina","2017","Persons","44288894"
"Argentina","2018","Persons","44654882"
"Argentina","2019","Persons","44973465"
"Argentina","2020","Persons","45191965"
"Argentina","2021","Persons","45312281"
"Argentina","2022","Persons","45407904"
"Argentina","2023","Persons","45538401"
"Argentina","2024","Persons","45696159"
"Republic of Korea","1970","Persons","32542197"
"Republic of Korea","1971","Persons","33239853"
"Republic of Korea","1972","Persons","33936465"
"Republic of Korea","1973","Persons","34625849"
"Republic of Korea","1974","Persons","35287837"
"Republic of Korea","1975","Persons","35875743"
"Republic of Korea","1976","Persons","36379925"
"Republic of Korea","1977","Persons","36843637"
"Republic of Korea","1978","Persons","37281935"
"Republic of Korea","1979","Persons","37710899"
"Republic of Korea","1980","Persons","38141107"
"Republic of Korea","1981","Persons","38689189"
"Republic of Korea","1982","Persons","39356154"
"Republic of Korea","1983","Persons","40000941"
"Republic of Korea","1984","Persons","40598300"
"Republic of Korea","1985","Persons","41148963"
"Republic of Korea","1986","Persons","41718505"
"Republic of Korea","1987","Persons","42322092"
"Republic of Korea","1988","Persons","42922977"
"Republic of Korea","1989","Persons","43524767"
"Republic of Korea","1990","Persons","44081427"
"Republic of Korea","1991","Persons","44439150"
"Republic of Korea","1992","Persons","44653695"
"Republic of Korea","1993","Persons","44887724"
"Republic of Korea","1994","Persons","45130840"
"Republic of Korea","1995","Persons","45368425"
"Republic of Korea","1996","Persons","45638700"
"Republic of Korea","1997","Persons","45941537"
"Republic of Korea","1998","Persons","46230878"
"Republic of Korea","1999","Persons","46500383"
"Republic of Korea","2000","Persons","46766661"
"Republic of Korea","2001","Persons","47043468"
"Republic of Korea","2002","Persons","47299120"
"Republic of Korea","2003","Persons","47514160"
"Republic of Korea","2004","Persons","47697075"
"Republic of Korea","2005","Persons","47851644"
"Republic of Korea","2006","Persons","48006518"
"Republic of Korea","2007","Persons","48178118"
"Republic of Korea","2008","Persons","48356493"
"Republic of Korea","2009","Persons","48546687"
"Republic of Korea","2010","Persons","48769332"
"Republic of Korea","2011","Persons","49127643"
"Republic of Korea","2012","Persons","49599579"
"Republic of Korea","2013","Persons","50071164"
"Republic of Korea","2014","Persons","50539056"
"Republic of Korea","2015","Persons","50983912"
"Republic of Korea","2016","Persons","51297839"
"Republic of Korea","2017","Persons","51486270"
"Republic of Korea","2018","Persons","51640894"
"Republic of Korea","2019","Persons","51767846"
"Republic of Korea","2020","Persons","51858482"
"Republic of Korea","2021","Persons","51848397"
"Republic of Korea","2022","Persons","51782512"
"Republic of Korea","2023","Persons","51748739"
"Republic of Korea","2024","Persons","51717590"
"United States","1970","Persons","207796339"
"United States","1971","Persons","210426432"
"United States","1972","Persons","212842573"
"United States","1973","Persons","215006551"
"United States","1974","Persons","217076476"
"United States","1975","Persons","219129301"
"United States","1976","Persons","221168758"
"United States","1977","Persons","223259419"
"United States","1978","Persons","225396096"
"United States","1979","Persons","227575084"
"United States","1980","Persons","229858655"
"United States","1981","Persons","232201617"
"United States","1982","Persons","234583152"
"United States","1983","Persons","236986365"
"United States","1984","Persons","239353967"
"United States","1985","Persons","241690443"
"United States","1986","Persons","243953807"
"United States","1987","Persons","246161291"
"United States","1988","Persons","248393235"
"United States","1989","Persons","250675053"
"United States","1990","Persons","253373387"
"United States","1991","Persons","256471422"
"United States","1992","Persons","259606019"
"United States","1993","Persons","262633231"
"United States","1994","Persons","265474810"
"United States","1995","Persons","268205795"
"United States","1996","Persons","270860696"
"United States","1997","Persons","273468013"
"United States","1998","Persons","276119333"
"United States","1999","Persons","278785484"
"United States","2000","Persons","281484131"
"United States","2001","Persons","284279639"
"United States","2002","Persons","287084338"
"United States","2003","Persons","289908100"
"United States","2004","Persons","292786253"
"United States","2005","Persons","295716664"
"United States","2006","Persons","298730209"
"United States","2007","Persons","301844226"
"United States","2008","Persons","304970333"
"United States","2009","Persons","308023454"
"United States","2010","Persons","311062790"
"United States","2011","Persons","314105078"
"United States","2012","Persons","317115355"
"United States","2013","Persons","320110759"
"United States","2014","Persons","323115377"
"United States","2015","Persons","326126497"
"United States","2016","Persons","329179427"
"United States","2017","Persons","332204660"
"United States","2018","Persons","335056497"
"United States","2019","Persons","337790067"
"United States","2020","Persons","339436159"
"United States","2021","Persons","340161441"
"United States","2022","Persons","341534046"
"United States","2023","Persons","343477335"
"United States","2024","Persons","345426571"