"Country/Area","Year","Unit","Agriculture, hunting, forestry, fishing (ISIC A-B)","Mining, Manufacturing, Utilities (ISIC C-E)","Manufacturing (ISIC D)","Construction (ISIC F)","Wholesale, retail trade, restaurants and hotels (ISIC G-H)","Transport, storage and communication (ISIC I)","Other Activities (ISIC J-P)","Total Value Added"
"Argentina","1970","US$","10043700807.946327","40867465009.41987","34691686943.57922","9816529652.288807","33328770062.099205","4583010103.71704","43974804258.83654","140352647231.79605"
"Argentina","1971","US$","10201737929.93098","43495292509.860756","36822516280.63889","10435801274.324099","34376543447.14865","4654270163.070334","44774584912.708176","145635762646.3755"
"Argentina","1972","US$","10398057335.632307","45234045077.37433","38302029280.48118","10336170824.472599","34990561183.18606","4646467966.763325","44959835120.95458","148372283686.48547"
"Argentina","1973","US$","11512169964.58649","46658888336.795135","39821216371.95633","9124977115.700087","35866522266.26993","4898738980.272088","46868603747.10652","153269006806.6126"
"Argentina","1974","US$","11826281014.084885","49199104066.98959","42160334690.51056","9847786264.275236","37995868177.392044","5033456903.089542","50705575874.09165","162532250620.83908"
"Argentina","1975","US$","11503335591.348745","48104875994.29618","41084174955.32097","10299053597.83374","37793073328.116325","4988724310.845779","50430971156.635376","160787571740.0288"
"Argentina","1976","US$","12042232360.262276","47048556089.3894","39837747243.6107","11834534653.494755","36525605524.45572","4956995379.1137","49598221586.20517","159757150223.2779"
"Argentina","1977","US$","12338674663.285177","50727144446.71566","42950510348.161575","13278199412.680984","39460497639.76577","5221229760.543936","52722070830.92803","170996251813.67426"
"Argentina","1978","US$","12686160011.733984","46383951944.20997","38430970078.147285","12647206561.340836","37010059884.610535","5106797548.041131","54586325261.16139","165801773507.5556"
"Argentina","1979","US$","13044442927.891449","50774603160.373276","42257866832.08962","12588600414.056334","41989800058.092606","5483383555.958003","57199623513.2341","177985222341.09747"
"Argentina","1980","US$","12325913902.046288","49776366150.23525","40732067392.290375","12733162243.923407","45603491597.7734","5520834097.980923","61195514704.51192","182701579251.93887"
"Argentina","1981","US$","12704114886.532383","44833022235.52934","35855494617.61929","11173690530.524754","41574565240.23878","5203848408.426614","63288883061.525635","174801639155.1673"
"Argentina","1982","US$","13426134947.610231","43759751270.17191","34897093032.23612","10098714883.321383","38213007051.693275","5309510304.944716","62579213408.46082","170537186133.36926"
"Argentina","1983","US$","13649617347.512455","46602998025.98873","37462226687.828094","9947309862.160223","40017372843.57848","5494418623.955866","63258896262.62415","176169052925.14343"
"Argentina","1984","US$","13649617347.512455","47691643819.17213","38462910696.80751","8842053210.724619","42414954786.98309","5864235261.978165","63465028678.29464","179098816456.82733"
"Argentina","1985","US$","13391753040.186226","43653412698.64637","34643398494.59779","7539970032.539722","37743377598.570435","5732157891.435004","61217355945.64726","167275254321.27463"
"Argentina","1986","US$","13426134947.610231","47186688954.30227","38589757965.34531","9038879738.234125","40215111561.012985","6194428688.962877","64358989506.555756","177999291028.93536"
"Argentina","1987","US$","13013552055.70013","48146289352.68116","38956205630.51027","10340962916.419022","40487002296.701324","6405752482.416959","65971671793.74121","181607303565.71216"
"Argentina","1988","US$","14096582147.3169","46634331929.701645","37208532150.7525","10038152874.856918","38682636504.81612","6286882848.468452","65362090404.09061","178951985856.61847"
"Argentina","1989","US$","12893215378.540262","43642483389.48937","34375609816.51103","7585391538.88807","35939011806.68523","6220844163.40581","62423257392.67531","167072792024.16522"
"Argentina","1990","US$","13976245470.627373","43237371425.8547","33600432063.147602","6359010871.283752","35691838410.67621","6022728106.964257","60533161482.81327","164797569173.65927"
"Argentina","1991","US$","14560737901.06852","46846856532.60739","36912555190.08065","7963904091.030753","41154370466.47456","6643491749.478223","65774827132.428925","180971743644.1207"
"Argentina","1992","US$","14423210270.43182","51668501143.04247","40703879110.268036","9311408775.563997","47086531975.39576","7501994659.471327","70948779390.37563","197980213824.1784"
"Argentina","1993","US$","14870175070.236267","54863806927.16135","42789811973.16842","10371243920.651255","49063919145.036156","7911434508.949086","76392235660.4091","210202238979.23874"
"Argentina","1994","US$","15981552052.833153","58317877394.96678","44651768733.53926","10968289321.805836","52366562452.30318","8724938280.76713","80553675256.82283","223650062858.40854"
"Argentina","1995","US$","16879955913.22884","61780345558.80241","46026075388.66541","9634113547.17885","48452087302.95024","8874742621.810308","80620665267.74109","224754109791.7966"
"Argentina","1996","US$","16685832136.255087","65446370360.23539","48995637968.94703","10447520148.48405","52275411994.577354","9488425545.58151","84066696257.13406","236340814172.673"
"Argentina","1997","US$","16762747257.365389","70291205717.37462","53479445407.65752","12179881066.792181","57964536615.800575","10552129536.5459","88785461247.45721","253656026511.09558"
"Argentina","1998","US$","18226227562.193985","71052513437.9552","54468141147.970406","13237735556.299505","59937207336.80026","11486766422.731112","92667736987.01842","263847414686.0856"
"Argentina","1999","US$","18676200602.161728","66467620456.02412","50149435273.72449","12197931817.211435","55814759306.8509","11337663293.136454","93238700148.08478","255609897859.06305"
"Argentina","2000","US$","18348466790.47831","65650476981.27398","48232114719.381294","11061346320.476448","54468829146.252014","11534090864.30221","94608940243.11705","253866067028.65063"
"Argentina","2001","US$","18541440022.98479","62766185339.269104","44681276294.020485","9778109127.38196","50222341574.92838","11006735450.7507","92226575075.85028","243544839882.28476"
"Argentina","2002","US$","18117856066.335472","57231182717.03511","39786342643.477844","6512208831.268533","41800763462.86262","10132898042.091682","86175930138.28055","220647703302.12625"
"Argentina","2003","US$","19362879803.59162","64363260539.77232","46139101553.15686","8750509584.230194","46677175617.27183","10965775854.483608","86842641507.67914","237655353878.66116"
"Argentina","2004","US$","19080627251.11613","70166703784.29616","51697182018.5519","11330790211.485863","52512413972.778625","12448463106.93755","89457446425.57083","255010594623.36847"
"Argentina","2005","US$","22665586965.583454","74254681797.06793","55534746179.70438","12743663928.565645","58074979421.39005","14309174109.860508","95786171224.57283","278429861850.5394"
"Argentina","2006","US$","22546467816.42664","80339321943.37268","60588289442.54946","14320766092.524231","64229308715.252815","16103154018.815248","101996073384.83696","299567468619.66724"
"Argentina","2007","US$","24471391178.44168","84686049309.29585","65152991485.40174","15861917603.511772","71646207049.68","18147690129.859802","109015285515.73126","323573519692.99475"
"Argentina","2008","US$","23936490315.729782","87155555699.19414","67512246747.89221","16527929118.903265","75075209979.55728","19134636097.616398","114725099480.67812","335633974960.80554"
"Argentina","2009","US$","17688717680.53356","82265797701.85754","62610976178.775734","14494101260.618317","69424292290.50542","19007191090.68386","115411698167.14964","316382407924.22156"
"Argentina","2010","US$","24680002574.453827","89405039435.31168","69440545171.66805","15911256008.521423","77986290495.24707","20697332321.4182","119983000060.52823","348110518170.04956"
"Argentina","2011","US$","24080652831.262886","94181373017.75856","74764280282.34515","17430069980.40082","85864099862.8434","21814233296.20198","125654477754.1269","366983220058.4691"
"Argentina","2012","US$","20980231941.43616","92138471254.59073","72586152885.50394","17005616287.846375","83833863021.82639","21944649731.15134","128715333152.36264","361768352396.0337"
"Argentina","2013","US$","23388053318.137707","92728802177.7642","73677508664.72287","16987760182.779518","85712213544.99913","22462643192.109814","130783168610.53723","369750357788.808"
"Argentina","2014","US$","24114077720.03255","89337207026.94438","69953812495.78665","16644946326.43517","80329596664.43167","22635466100.63221","131124916934.09776","363024183330.87305"
"Argentina","2015","US$","25932752231.247692","90379771078.65616","70489611357.37556","17145619198.79658","82991622740.79416","23322016129.73547","134036656875.896","372807735090.44836"
"Argentina","2016","US$","24709519003.189438","85795382195.30762","66541389759.32262","15226232398.10326","80736787852.66045","24115069252.937508","134662114893.1848","364573508786.00385"
"Argentina","2017","US$","25560777906.71592","86999554861.5274","68254212026.532814","16620865155.263721","83357665929.42227","24657932758.907135","137792556450.53714","373949711642.2197"
"Argentina","2018","US$","21833627400.340195","83834401288.83975","64974649975.62786","16807193229.803358","80339584330.5083","23876899992.204742","139628338066.05774","363899317269.75055"
"Argentina","2019","US$","26513751319.906567","79796245241.1363","60974452867.38999","16096696466.348549","74882917017.98442","23709078322.524826","137012157313.16512","358031943844.44464"
"Argentina","2020","US$","24521654138.82597","73945940967.0751","56281582977.60351","12494173090.514738","66995346605.74864","19686636467.655106","124927034768.05095","322570786037.8705"
"Argentina","2021","US$","24978735749.67593","84058737803.6399","65157124833.16602","16124348627.88425","76731419040.39801","21067276499.57507","134907011448.63481","356307489505.90326"
"Argentina","2022","US$","23958762509.05291","88787442216.22723","68237476924.00083","17080987035.443419","82979021265.46426","22736409366.947327","140918974942.87924","373967603861.0179"
"Argentina","2023","US$","18362776337.680077","88463516930.76611","66847937827.15732","17236222042.20853","83580731956.75258","22563360835.020603","142725145104.792","368288365116.4029"
"Argentina","2024","US$","24019163846.062878","83658656755.66852","60955857944.80101","14215652907.143373","78629555910.0513","22738885186.514904","141388083889.282","363084601994.9796"
"Republic of Korea","1970","US$","11411073352.825207","8246786211.298467","5449619753.741934","9266302294.892632","11282373533.08121","2694986087.1738715","32005247405.422173","74906768884.69356"
"Republic of Korea","1971","US$","12040507823.449411","9287399237.036316","6392966556.26312","9069228048.20103","12689429429.38706","2998985398.06358","35230114119.77114","81315664055.90854"
"Republic of Korea","1972","US$","12403985260.38276","10313862908.0031","7356732487.525783","8892149296.874529","13995236948.738283","3264179891.6769547","37421400122.43015","86290814428.10577"
"Republic of Korea","1973","US$","13221174043.418222","13039096418.250444","9600125395.479435","10957446733.398369","15676129459.535643","3865824012.810684","40006241531.74543","96765912199.1588"
"Republic of Korea","1974","US$","14053867808.029163","14806833771.20554","11188920010.251959","12192846385.59537","17159100456.888645","4140338440.704401","42078147648.94079","104431134511.3639"
"Republic of Korea","1975","US$","14798445830.353231","16605919994.012695","12623342622.671906","12908447884.975101","18226910745.390038","4574647378.168349","45072134173.16309","112186506006.06252"
"Republic of Korea","1976","US$","16123655758.342623","19446890142.686836","15288081286.772303","14123682588.456453","19777324176.262608","5153161116.951775","48414432059.444374","123039145842.14467"
"Republic of Korea","1977","US$","16613206488.086416","22471886630.0601","17803107915.660294","18125492915.084858","21169552904.395184","6046519181.060216","52642632062.40981","137069290181.09659"
"Republic of Korea","1978","US$","14967475547.52853","27469574297.88071","22327936008.76645","23214177032.151722","23051417088.946835","6919797023.1282835","57116200516.97409","152738641506.61017"
"Republic of Korea","1979","US$","16677768214.646606","29704663991.65733","24680372147.800106","24294103235.217556","24331467699.014202","7802564252.827245","61233154395.30236","164043721788.6653"
"Republic of Korea","1980","US$","13983968300.926596","29327037199.95292","24383320424.283016","23611968772.57178","24140917406.31884","8136810986.790428","66512812438.44096","165713515105.00153"
"Republic of Korea","1981","US$","16182032437.607676","31806478625.225056","26693223772.3282","21897778678.391018","26313224633.716064","8491815756.196192","71830173852.07732","176521503983.21332"
"Republic of Korea","1982","US$","17444798805.918774","32899622189.633926","28129510371.604218","25291166749.863625","28787921365.172756","9354841670.555883","78804026494.03159","192582377275.17654"
"Republic of Korea","1983","US$","19069178624.307148","38436510418.90997","32959862855.755047","30743497757.214386","31535099084.316544","10102978213.241537","86672931733.59981","216560195831.5894"
"Republic of Korea","1984","US$","18568867606.80332","45760453683.104004","39588877929.336655","32453027884.25498","33848815132.74914","11165365994.525276","93769044967.97711","235565575269.41385"
"Republic of Korea","1985","US$","19672686732.296947","49377774357.33066","42486276043.7445","34188653827.280533","35858447143.61676","11734729252.37891","103391961839.10574","254224253152.00955"
"Republic of Korea","1986","US$","20699150403.26373","57433671369.23266","49508931250.65765","35407531777.798744","40636353815.77184","12583351631.94171","112430857737.55803","279190916735.5667"
"Republic of Korea","1987","US$","19796896038.251324","67965451286.04521","59570817026.39041","38957833651.88221","45722496132.58043","14072846583.29095","123470912979.35034","309986436671.40045"
"Republic of Korea","1988","US$","21654867300.375187","76504120893.66895","67687463064.46519","42190579947.03182","51011982470.051025","15761449221.538412","137233321024.43062","344356320857.096"
"Republic of Korea","1989","US$","21622755890.445644","79991894481.39883","70719491865.88634","47388476748.52924","54858658254.249374","17156558656.63037","149921564280.3638","370939908311.61725"
"Republic of Korea","1990","US$","20404386299.979088","88739838976.95389","78817159128.69934","58678475682.38528","59586915094.69282","19060451776.75374","163317275274.85025","409787343105.61505"
"Republic of Korea","1991","US$","21056273339.551388","100908029900.04399","90186970590.6652","65483976420.56645","64986715563.37256","21099907577.318447","179782464261.2298","453317367062.08264"
"Republic of Korea","1992","US$","22948982538.538345","107147895354.08366","95871537414.94704","64394730283.220276","68417891732.01819","22909330454.509254","195057243459.9838","480876073822.3535"
"Republic of Korea","1993","US$","21978692653.27944","115145924046.77228","102812516106.89429","70120897905.06255","73007959365.08675","24196582831.975067","211650454452.7051","516100511254.88116"
"Republic of Korea","1994","US$","22002924482.408333","128939935141.73044","115051453803.8397","73348984233.07199","78855794492.62512","27008152824.328495","230378354029.00116","560534145203.1655"
"Republic of Korea","1995","US$","23508517502.059982","145061049099.8148","130464845843.34499","77235396827.9747","84597382369.36758","30251405227.212315","249696883258.6451","610350634285.0745"
"Republic of Korea","1996","US$","24421447428.157143","157833087037.5958","141992926734.7261","82222663114.73639","90139693105.8613","33968872831.615005","267943874226.07553","656529637744.0411"
"Republic of Korea","1997","US$","25472990195.005573","167772034407.5033","150754003864.9489","82964868790.15274","93529014296.92065","38048292792.79608","288660308871.0955","696447509353.4739"
"Republic of Korea","1998","US$","23542831805.5467","156294196434.56073","139718947496.9979","73465568138.25154","85488706993.26941","37484521495.51065","287999525530.61926","664275350397.7583"
"Republic of Korea","1999","US$","24759422135.832462","185305542042.43588","167042029373.32666","67971890513.36617","99716264485.61404","44961142228.55174","303274304729.3732","725988566135.1736"
"Republic of Korea","2000","US$","24796362966.252728","213633567014.2114","193629598981.5859","64768883281.23838","107934836714.04565","53538193020.07543","318309646343.7977","782981489339.6213"
"Republic of Korea","2001","US$","24887698322.20008","220372218405.5999","199278411148.90134","68286141751.964264","113618979904.95111","59696890319.20086","330408869753.2133","817270798457.1295"
"Republic of Korea","2002","US$","24111347796.647575","240348396088.73492","217696465273.71365","70866069014.11354","120259602533.0455","65725532171.77787","356799280388.10565","878110227992.425"
"Republic of Korea","2003","US$","22630579692.851746","251685333600.69376","228105730418.07736","77190406963.40323","117222744311.13362","68528290589.90261","371111479829.05084","908368834987.0359"
"Republic of Korea","2004","US$","24386370584.592945","276181255776.4184","251230690261.1636","78702778117.07695","117526828348.69861","73716189643.71748","383521650136.72876","954035072607.2332"
"Republic of Korea","2005","US$","24534896446.35149","290353402023.1326","263813448806.3784","78796146913.23093","119826479769.03542","78866215873.68405","401574871197.80334","993952012223.2378"
"Republic of Korea","2006","US$","25123238479.466915","311473389822.49146","284167253281.21783","79517594553.2047","124498562823.77098","82766354189.98145","422414922062.0508","1045794061930.9662"
"Republic of Korea","2007","US$","26410829763.63383","334755941281.59076","306609655028.2819","81549001319.6182","131528165618.05675","87146045488.34009","446775366284.0093","1108165349755.249"
"Republic of Korea","2008","US$","28152217120.57814","346195482797.30865","316776856061.38257","78907731944.5692","134157234351.86603","91279859975.04825","464833925125.6262","1143526451314.9966"
"Republic of Korea","2009","US$","29450229785.803986","342380918423.03986","311501180171.9819","80102547519.30908","134048530027.48712","91168444397.06052","476800720741.5857","1153951390894.2861"
"Republic of Korea","2010","US$","28380131877.070145","387137615184.151","355194811338.4071","77184221916.1081","143232139087.31055","98986089998.08687","494697197453.39996","1229617395516.1265"
"Republic of Korea","2011","US$","28086299767.21354","405571936830.6163","373490943777.4975","73502000608.62016","149908177465.67023","104134591147.89847","510683511271.1204","1271886517091.1392"
"Republic of Korea","2012","US$","27947348019.76116","412848687336.68164","380025742788.17236","73222487306.88516","155876155018.74976","109237000986.36002","524733058018.7105","1303864736687.1482"
"Republic of Korea","2013","US$","29123862632.641457","425844149517.16504","393334015853.7742","76474127650.62129","161790500586.37964","113321674001.40819","542083556035.0473","1348637870423.263"
"Republic of Korea","2014","US$","30610053243.65494","440091363598.1737","406492068524.1119","77919141097.45073","164031690600.77612","115522957751.74976","562200973085.8671","1390376179377.6724"
"Republic of Korea","2015","US$","30532358882.427","449235744207.34436","413670451360.182","82645957584.41447","168970916862.6564","117844722834.33356","580978014133.8231","1430207714504.999"
"Republic of Korea","2016","US$","28524167225.03907","457804661238.04156","422251145398.74255","91481594188.88002","173764582696.4128","122203147737.19797","601435185152.4991","1475213338238.0706"
"Republic of Korea","2017","US$","28880527621.24925","477600455829.51434","440217945251.03577","97518454528.95879","177767070836.44342","126560301739.93324","618268257362.9263","1526595067919.0254"
"Republic of Korea","2018","US$","28656849198.521034","491946884847.27094","455135516786.82684","95485353229.03976","182964713457.915","132861424580.19734","645407482353.9065","1577322707666.8506"
"Republic of Korea","2019","US$","29492169490.065525","495453213576.8862","457391110336.0202","93829539814.12405","189937803559.79178","137752102457.14456","669962374295.6232","1616427203193.6353"
"Republic of Korea","2020","US$","27520579756.396763","488342018994.3099","448230292751.846","93415734732.07686","182053308611.9728","132020342874.7341","678639910924.0239","1601991895893.5144"
"Republic of Korea","2021","US$","28466891992.552605","518250027006.6292","477260956041.684","92621506878.04115","186138913620.44904","145008010201.0921","704724119354.4695","1675209469053.2336"
"Republic of Korea","2022","US$","28693790028.9413","531264637415.7249","489065923707.86664","93415226372.0252","196544196611.07474","154655836714.75183","723360175214.7665","1727933862357.2844"
"Republic of Korea","2023","US$","28177301808.420357","537565477353.6203","496401912563.4846","92854735013.79306","200846424769.7153","153360159191.15695","749366750210.3169","1762170848347.0227"
"Republic of Korea","2024","US$","28346365619.270878","560284510379.0616","517747194803.7145","89326255083.26892","202188463834.4195","156999064740.79175","754601679646.9508","1791746339303.7637"
"United States","1970","US$","51840799993.92115","1037032915826.2517","788252280479.9712","750294935281.8436","689140643729.7352","292538894778.8746","3836504680273.3965","6522345851906.753"
"United States","1971","US$","53158355429.39523","1051100300572.2025","798658051163.6997","726680457803.9854","712334528335.973","302388177990.8474","3923816116231.441","6636746627776.11"
"United States","1972","US$","53718594622.46237","1127544487084.637","856703069536.9792","743975568068.771","770165543678.7034","326696399731.8911","4053541660162.322","6947897246023.227"
"United States","1973","US$","54440150915.923515","1231569812532.1316","936835794610.41","761042017021.8066","814531151888.0664","346014107375.9298","4214079018097.1084","7300797337340.215"
"United States","1974","US$","53510392255.34425","1186219379268.4595","900354104464.1406","725984080166.8925","806349458311.2201","342309767162.06903","4327925508923.588","7310297023208.021"
"United States","1975","US$","55593210588.64922","1114744860327.7058","846860461962.8347","668813554916.5902","804406208102.2374","340465860045.3385","4384360124108.477","7231084220269.523"
"United States","1976","US$","53565224176.56836","1194662493865.7102","911942382013.0774","706308813500.2192","848809650451.0981","362136414291.408","4512473637481.872","7539120374272.341"
"United States","1977","US$","53182990060.562706","1260967384250.542","950749987728.3182","737276830950.498","897429914381.4894","380211994149.9286","4671418582792.822","7861533206137.779"
"United States","1978","US$","50209500200.42557","1300517863719.047","990639784243.3771","766732732961.517","960677701159.078","402971878353.4325","4912823847028.156","8242437278558.019"
"United States","1979","US$","53437860620.29342","1289694002077.4792","998540036151.6893","771568776574.7858","973001052163.3845","425122122802.31573","5125053383367.896","8461962715366.974"
"United States","1980","US$","51993594116.69264","1232932568660.9724","930546064818.2638","716613735509.8663","936574676398.8689","430202454098.3263","5273466996945.21","8468431226856.476"
"United States","1981","US$","63462769289.79141","1256549313340.412","961629023141.4246","672210062326.5245","982968468418.4625","431828160111.9533","5365356968543.245","8604440771119.282"
"United States","1982","US$","64482251527.790306","1195567350786.977","912673363781.4388","635280274730.4546","1012689491430.2522","434469932385.56555","5425490836148.755","8595037625849.589"
"United States","1983","US$","53777688032.95972","1223748334724.8286","941036563251.8268","648029844257.96","1075212375207.0771","471454744216.137","5509862921956.416","8800253974961.078"
"United States","1984","US$","63037985024.18953","1326080401088.691","1015376638576.3988","727165103393.6647","1195002596008.4438","508033129544.28064","5727433681095.762","9369014989737.266"
"United States","1985","US$","72977936840.75194","1360885898949.2146","1042185690130.6287","797947196288.1677","1263687155288.5066","509049195803.287","5897609061061.113","9710814359966.432"
"United States","1986","US$","73657591666.08453","1363257761654.7969","1051769602280.6057","795748994645.5709","1377678152085.9329","524290189689.3609","6106892262219.143","10028548644287.354"
"United States","1987","US$","76036383552.90071","1464841167322.5696","1130901633679.1587","810696765814.5629","1351581644074.7083","565339266556.9366","6331155271940.64","10390199074697.72"
"United States","1988","US$","69777291004.9613","1572180464718.6973","1210833907655.0095","856687349860.6127","1440615997052.6897","586426807536.135","6569276536799.319","10888322182983.707"
"United States","1989","US$","76731838280.34688","1562450548268.0776","1201461794668.6458","862999782964.3193","1494973812554.5796","605743638967.1555","6771734488813.445","11146213700314.666"
"United States","1990","US$","81677294121.9146","1567660068478.1194","1191443329062.4634","846767812125.582","1488547272790.633","636650569257.3756","6939911845847.106","11336960163136.598"
"United States","1991","US$","83609112809.98367","1531809876486.622","1152554446441.0703","782741704925.1329","1505818598406.1716","654840585521.2847","6990982636043.737","11329091874741.477"
"United States","1992","US$","90100023600.71312","1539976905404.468","1172806828527.044","791458874449.3522","1563121911300.548","685586542216.4828","7118315510366.22","11564028343126.637"
"United States","1993","US$","84459113032.6232","1587277447718.3047","1213742494443.186","813101502235.0754","1592041340237.7654","715527630934.6134","7223831173485.329","11793742479258.184"
"United States","1994","US$","93577297237.94392","1688557054964.5366","1303477783151.6106","865705111437.8123","1687770005468.6377","763980683108.6549","7321213844947.613","12214672428301.42"
"United States","1995","US$","87704568427.98792","1792694536061.5608","1388688603521.3042","872618728647.4797","1733692987530.28","790702299921.4523","7498558903107.636","12574615186904.568"
"United States","1996","US$","89945478105.51976","1826803411486.2014","1422514390621.4556","921615233217.7823","1867043687630.8152","840443140857.6271","7688821766011.192","13024342390533.045"
"United States","1997","US$","98069195648.32747","1890278652324.349","1495116504609.233","943584495093.506","2014944293092.1401","860533208214.7217","8002043647126.048","13585799094919.057"
"United States","1998","US$","95670380790.80363","1946618927575.539","1556562531259.3943","986791668031.4307","2185360158517.2754","930715802152.8588","8198243524381.542","14117765981342.328"
"United States","1999","US$","98563069295.24733","2067070123544.6245","1643681212879.2212","1027537672892.0042","2273410289120.9907","988445088501.9996","8494587916572.759","14713137876190.727"
"United States","2000","US$","113097065197.31311","2165246263001.4006","1760996828828.1013","1068693872431.581","2375961429375.4326","990279296596.4347","8835417096288.055","15284917209764.416"
"United States","2001","US$","109216629398.10574","2074942095963.936","1690712675057.9788","1048731064680.8528","2415288167550.798","983328613290.7434","9043966498488.37","15403900848113.703"
"United States","2002","US$","113167618575.31253","2103267198466.7454","1705653318523.3948","1014821637817.3625","2480716723098.3384","1011614032856.2615","9194828289148.451","15655025514753.418"
"United States","2003","US$","122480664493.4102","2172695709498.536","1801084048269.1707","1032460009048.927","2596376776078.625","1047912045676.829","9332230338260.324","16032052792040.512"
"United States","2004","US$","132358137436.42715","2309869113260.225","1928184733530.66","1069240798670.9924","2685006947067.979","1150917310784.1565","9505148857843.137","16600315926577.672"
"United States","2005","US$","138355174580.23676","2358419434249.608","1986579502008.094","1073889671708.2096","2771084940359.005","1217721100338.6838","9836298695915.484","17139428636848.967"
"United States","2006","US$","140683436059.76117","2505601126769.624","2100949075583.6536","1052286085239.2473","2828044906270.148","1276029610295.4084","10035145250749.965","17615249764471.152"
"United States","2007","US$","125161692863.85565","2597807459235.5137","2172390603143.223","1020701094894.9209","2822940550873.491","1347756800524.6782","10183574915830.264","17893369765646.086"
"United States","2008","US$","125302799619.85449","2561687106833.213","2127568672744.9595","920750324584.2026","2765864576885.0034","1393418928355.8926","10330284225120.324","17900969292595.023"
"United States","2009","US$","139272368496.07706","2379377936213.1567","1927448222936.8262","788804369250.1545","2536168584005.086","1341578415364.0637","10397797161996.879","17408701427546.15"
"United States","2010","US$","135180272562.87143","2502183753966.1807","2037188301354.5986","749699143108.9254","2637211619257.3013","1419387453486.1804","10544291973923.412","17812383762041.47"
"United States","2011","US$","130029875956.90274","2524665708926.5933","2047815097059.4412","738213692074.6249","2683962874372.962","1456650838988.3386","10705944651405.223","18063962131783.15"
"United States","2012","US$","126078886779.69595","2540074185003.5757","2035610064368.5315","758723426064.7645","2739298727203.449","1485612019431.166","10965209072251.016","18436225526503.84"
"United States","2013","US$","146724238224.78003","2607661360369.0405","2100143761941.5737","778775667862.4558","2812832707207.6587","1560710115814.6555","11002626441779.39","18763063990422.29"
"United States","2014","US$","147655793575.75897","2657876246231.7837","2136217479779.5413","794402694308.3778","2899796324428.016","1611538188693.13","11239718644500.672","19216755443338.145"
"United States","2015","US$","157323080650.25714","2708620433967.964","2163553250726.8237","831406179818.4542","3026054764454.3574","1739566604848.7947","11423225904198.104","19780678723293.906"
"United States","2016","US$","166490292837.19348","2703778561040.0835","2159325351972.5078","863992150781.4575","3062396036761.1616","1857118194946.2754","11583161285896.453","20128437149433.71"
"United States","2017","US$","163391599939.29617","2672409599509.6787","2125807774779.8342","932881249003.984","3223803310690.644","1993297098627.4338","11732093761433.262","20607854932414.406"
"United States","2018","US$","170104108272.0206","2778993735361.459","2229908691886.21","959011738870.101","3287015501830.291","2117636183655.4822","12015251829816.781","21220222941968.992"
"United States","2019","US$","159363170988.0672","2775568355859.5566","2241799692271.179","979588597535.4396","3352029138469.268","2256537115815.653","12300848671011.178","21767452528072.668"
"United States","2020","US$","164383000000","2705407000000","2156754000000.0002","958662000000","3160115000000","2286954000000","12038869000000","21314390000000"
"United States","2021","US$","174514129231.70312","2827500303661.93","2317349512359.6665","982670740720.8375","3285002568147.7163","2605749299524.2144","12673284102410.22","22625656064321.527"
"United States","2022","US$","175359544940.50464","2788308585960.321","2298074624946.3896","922111512369.1282","3266387269803.0435","2754436771904.877","13164489326308.709","23196776008631.715"
"United States","2023","US$","180168712988.9328","2912757872850.884","2309528315428.2085","922735490924.6733","3404542196646.3076","2923519640799.868","13272603782400.877","23877453672331.582"
"United States","2024","US$","189848953842.60846","2997341469160.8735","2379361870354.088","967634189870.7495","3545013732512.1904","3076208072456.429","13364708960933.697","24544395640989.426"