codigo_pais,pais,anio,vab_manuf_pib,vab_manuf_const,empleo_ind_pct,exp_manuf_pct,poblacion,var_vab,var_empleo,var_exp
AR,Argentina,2000,16.4942719439838,57748736303.0067,20.9340237882204,32.3894881497921,37213984,NA,NA,NA
BR,Brasil,2000,13.1346595913847,161965864487.5,23.4987657285958,57.5531410445161,174018282,NA,NA,NA
CN,China,2000,NA,NA,24.6470198851309,88.2293171765186,1262645000,NA,NA,NA
DE,Alemania,2000,20.2840359494004,539293656161.337,33.5310714327787,83.6107093890248,82211508,NA,NA,NA
GB,Reino Unido,2000,13.2927633990762,209729575245.838,25.2644874782121,75.2092987705848,58892514,NA,NA,NA
US,Estados Unidos,2000,15.1150690882174,NA,22.6696814582688,82.3673615352238,282162411,NA,NA,NA
AR,Argentina,2001,16.0932258763829,53497281607.2143,20.2977811255828,32.5022403716095,37624825,-2.431426309466067,-3.0392755309450514,0.3481136265443663
BR,Brasil,2001,13.0895379357967,163121309959.093,23.2229430205378,53.5716112142027,176301203,-0.343531214296533,-1.1737753005569451,-6.918006138420452
CN,China,2001,NA,NA,22.2999534859973,88.6287487047227,1271850000,NA,-9.522718811735697,0.45271973192873016
DE,Alemania,2001,20.0863572804744,547226445368.754,32.7815599937358,86.583073154157,82349925,-0.9745529411361864,-2.235274350077021,3.5550036434954135
GB,Reino Unido,2001,12.5032376045377,217637113375.118,24.7452769095223,75.4213741840736,59119673,-5.9395158917322615,-2.055100342477023,0.2819803095568174
US,Estados Unidos,2001,13.9193104206237,NA,22.4697538277737,81.6713505049246,284968955,-7.911036731719767,-0.8819163642115324,-0.8450082864455255
AR,Argentina,2002,20.347773913878,47636536297.7045,18.6580046727594,30.4601239582791,38029349,26.43688760833667,-8.07859954089597,-6.283002002268667
BR,Brasil,2002,12.3569626659174,166535447030.725,23.6962749162024,52.0301064054833,178503484,-5.596647287876255,2.038208056773838,-2.877465832707149
CN,China,2002,NA,NA,21.4001070576635,89.8595609635985,1280400000,NA,-4.035194194009573,1.3887280107907296
DE,Alemania,2002,19.4763331174439,531496473904.539,32.3668135625331,87.1131217177509,82488495,-3.0370074300305916,-1.2651821062876434,0.6121849736728135
GB,Reino Unido,2002,12.0650803669037,225664994396.346,24.0201800032484,77.9202742851375,59370479,-3.5043502450515907,-2.930243653870268,3.313251883962054
US,Estados Unidos,2002,13.4528837394598,NA,22.3459708523018,81.5341182079117,287625193,-3.35093238866786,-0.5508871010366789,-0.1680299103228644
AR,Argentina,2003,22.4867505875749,55242751606.904,20.2486924367082,26.6612827648928,38424282,10.512091803015512,8.525497725226728,-12.471522435658944
BR,Brasil,2003,14.4507645634139,170964239831.316,23.1161995816567,51.0705626367766,180622688,16.94430867928054,-2.447960013111883,-1.844208737973252
CN,China,2003,NA,NA,21.6000317879629,90.5944711080778,1288400000,NA,0.934223038046933,0.8178430170352247
DE,Alemania,2003,19.5529741477412,537463020655.828,31.3777391883868,83.998296626933,82534176,0.3935085204958666,-3.0558286877248486,-3.575609540098934
GB,Reino Unido,2003,11.5481005178606,234697542594.085,23.4559394359555,77.3213984627367,59647577,-4.284926691920365,-2.3490272230124565,-0.7685750953715931
US,Estados Unidos,2003,13.3165025029569,NA,22.2872763085885,80.2980440972116,290107933,-1.0137695318280904,-0.2626627596592157,-1.5160207013561133
AR,Argentina,2004,18.9370136214371,61858654534.9825,20.5642297662723,28.4790342216867,38815916,-15.785904469893552,1.558309656538981,6.8179444808540435
BR,Brasil,2004,15.0995301566951,186492615116.312,23.2195353331464,52.6079034526395,182675143,4.489489745917874,0.44702742388371686,3.0102288607955163
CN,China,2004,31.5101594673259,NA,22.4994633352348,91.4149282186294,1296075000,NA,4.164028813018361,0.9056370664969338
DE,Alemania,2004,19.7896242542651,558549302291.015,31.2532116993414,83.5604993278713,82516260,1.2103023546995217,-0.3968657152057964,-0.5211978297680497
GB,Reino Unido,2004,10.9147243364129,239378783826.009,22.4198824718188,75.983085666887,59987905,-5.484678458315317,-4.417034614902415,-1.7308440127278057
US,Estados Unidos,2004,13.1741780601703,NA,22.2493042173759,74.4088619671752,292805298,-1.068782458119144,-0.17037564701418706,-7.334153896584028
AR,Argentina,2005,18.340415936715,66450520964.1895,21.1426475358338,30.6370052584991,39216789,-3.150431724074687,2.8127373411775958,7.577402449866488
BR,Brasil,2005,14.7382811396728,190675099775.662,23.5943608547398,52.2046909338931,184688101,-2.392452038397508,1.6142679696881324,-0.7664485605464066
CN,China,2005,31.6564574964127,NA,23.8000197014041,91.9176727400031,1303720000,0.4642884439810757,5.780388388787006,0.5499588865522265
DE,Alemania,2005,19.7693607543503,567634713460.972,29.8396164797777,86.0107750112592,82469422,-0.10239456623555299,-4.523039849992405,2.9323372922576807
GB,Reino Unido,2005,10.5616323261232,244184423940.376,22.1649739599228,75.2151236338622,60401206,-3.235006211854019,-1.1369752371200526,-1.0107012979067242
US,Estados Unidos,2005,12.9833217030159,NA,22.131757184111,73.1628361992086,295516599,-1.4487154817758197,-0.528317794194666,-1.6745663554379786
AR,Argentina,2006,17.8777938558849,72497376415.5628,21.5732443105464,31.7706580715672,39622115,-2.5224186977351737,2.0366265576853726,3.7002729330198214
BR,Brasil,2006,14.1089458704485,193027267318.236,23.548846005631,49.7402105731925,186653106,-4.2700723595931684,-0.19290562431004687,-4.720802511447442
CN,China,2006,31.9945213596647,NA,25.1993927171682,92.4180993276338,1311020000,1.0679143845779615,5.879713686461963,0.5444291317581618
DE,Alemania,2006,20.3388454277918,616790849099.619,29.8531977539054,84.8857393622504,82376451,2.880642831691893,0.045514238217170266,-1.3080171046726652
GB,Reino Unido,2006,10.151074366746,263697706203.656,22.0324896834038,76.9528068946362,60846820,-3.8872585856044695,-0.5977190713535308,2.310284390720163
US,Estados Unidos,2006,12.9907263775984,NA,22.2306233143871,78.7160112066687,298379912,0.057032204484142035,0.4467161348900017,7.590158194988295
AR,Argentina,2007,17.0474154518997,77959305197.549,21.8987928729188,30.9559868356266,40016763,-4.644747616394862,1.5090385001260698,-2.5642252486727135
BR,Brasil,2007,14.1542648057288,204881669069.253,24.1212243014945,47.3230920855875,188552320,0.3212070958130475,2.4306001904578878,-4.859485836008314
CN,China,2007,31.9005932714931,NA,26.799965080269,93.126746738674,1317885000,-0.2935755378732252,6.35163069628395,0.7667842297080396
DE,Alemania,2007,20.5298911974573,644725096152.46,30.3601084856613,82.5269647651258,82266372,0.9393147233640375,1.6980115026022258,-2.7787642716505356
GB,Reino Unido,2007,9.71451845006441,266288478098.729,22.161664912806,72.6907575643402,61322463,-4.30058830138913,0.586294292013223,-5.538523547466689
US,Estados Unidos,2007,12.7697556443079,NA,22.0203748051062,76.9365692836053,301231207,-1.7009882809289945,-0.9457607477197039,-2.2605844678682763
AR,Argentina,2008,16.5383660984547,80782289948.4869,22.0818356602783,30.8479405457576,40424148,-2.9860793554384424,0.8358578868786104,-0.34903196736294495
BR,Brasil,2008,13.9551769000753,213383334849.318,24.8662804129767,43.221716694584,190367302,-1.4065577293207232,3.0887989024505513,-8.666752763293317
CN,China,2008,31.6169791482305,NA,27.1998176284931,93.0643514805815,1324655000,-0.8890559521852026,1.491989064263688,-0.06700036270739229
DE,Alemania,2008,19.7585042946302,631435986169.008,29.3313900595113,83.3260140046802,82110097,-3.7573842715865835,-3.388388505383144,0.9682280716715175
GB,Reino Unido,2008,9.62129349520071,271307764060.359,21.3850946091178,67.9728089736266,61806995,-0.9596456617268823,-3.504115357503945,-6.490438054023084
US,Estados Unidos,2008,12.2167268184361,NA,21.3502704279058,73.1451140948404,304093966,-4.330770621427749,-3.0431106787746964,-4.928027366009468
AR,Argentina,2009,15.5837772738051,74917637563.8265,21.3553224451483,31.9760136072853,40854831,-5.771965736922413,-3.2900942942750144,3.6568828958108313
BR,Brasil,2009,13.0594621488915,193615596102.629,24.3010274140295,37.7685815908127,192079951,-6.418512338449589,-2.2731706936442997,-12.616655516726894
CN,China,2009,31.0611528606438,NA,27.8001237336841,93.6054445336518,1331260000,-1.75799934895996,2.207022537394332,0.5814181740504853
DE,Alemania,2009,17.3389014302498,505664086863.509,28.8260606145451,83.9457532052674,81902307,-12.245880701799782,-1.7228281507999599,0.743752365920658
GB,Reino Unido,2009,9.29245449386144,252079792580.778,19.5781546510129,66.1410203543034,62276270,-3.4178252799719866,-8.4495298764518445,-2.6948843912481757
US,Estados Unidos,2009,11.6987879252113,NA,19.8872717103055,66.1708400172959,306771529,-4.2395880739772736,-6.85236621494073,-9.534846125882869
AR,Argentina,2010,15.8448608064195,83089610067.7763,21.5819580824783,32.188461995905,41288694,1.6753546205595216,1.0612606665721058,0.6643992313391411
BR,Brasil,2010,12.7218596106703,211408937020.165,24.182834770095,34.958895233338,193701929,-2.5851182412581664,-0.4863689173333796,-7.439215980931002
CN,China,2010,31.0748956423241,NA,28.6998228439976,93.5899998443316,1337705000,0.044244274325411226,3.23631333058918,-0.01649977669263558
DE,Alemania,2010,19.4277050847717,604654371683.771,28.7571845440313,83.8888111371172,81776930,12.046920405682293,-0.23893681288883473,-0.06783198193595075
GB,Reino Unido,2010,9.44927062659089,249732410463.265,19.1850760663061,67.8872228046867,62766365,1.6875641719100276,-2.007740727936602,2.640120217422215
US,Estados Unidos,2010,11.9060799107128,NA,19.4896699994272,65.4495860086988,309378227,1.7719099348298961,-1.9992773099804628,-1.0899876870364311
AR,Argentina,2011,15.8506983942663,89459765618.1948,22.3936079441824,31.7073940803998,41730660,0.03684215291075432,3.7607795298381763,-1.4945352641154486
BR,Brasil,2011,11.7837976692113,216159685234.71,23.9090812385977,32.3583556455642,195284734,-7.373622804894131,-1.1320158868877828,-7.438849455671104
CN,China,2011,31.5623565182378,NA,29.5001327749191,93.3409925707617,1345035000,1.5686645629463536,2.7885535575313813,-0.266061837786169
DE,Alemania,2011,20.1229017332202,659166828098.453,27.6642517502902,83.4415333541494,80274983,3.5783776077259244,-3.800555621387991,-0.5331793083069414
GB,Reino Unido,2011,9.32683411729129,244915952856.851,19.1454924660757,62.9058854639269,63258810,-1.295724444117996,-0.20632495849164378,-7.337665520787673
US,Estados Unidos,2011,11.9472438629074,NA,19.5605716592392,62.1334410159857,311839461,0.34573892081442015,0.36379097139194183,-5.066716529379356
AR,Argentina,2012,15.2168009115954,86853510751.1501,22.1242387014808,31.1709213595475,42161721,-3.9991769883161776,-1.202884516747016,-1.691948318086245
BR,Brasil,2012,10.6759423074609,211017916187.455,23.8203108792852,33.2036805014074,196876111,-9.401513780612536,-0.37128302182183326,2.612385082549995
CN,China,2012,31.0143036500115,NA,30.2995918411543,93.9614842619085,1354190000,-1.7364130207122463,2.710018535628067,0.6647579740234777
DE,Alemania,2012,20.0472978765968,647708364225.573,28.1974895392439,83.374650711641,80425823,-0.37571050947681206,1.927533749211574,-0.080155097611323
GB,Reino Unido,2012,9.37476041233473,251967561669.82,19.0374933366112,65.8174144312987,63711000,0.5138538376552537,-0.5640968998622986,4.62838881592631
US,Estados Unidos,2012,11.8575622570978,NA,19.5790234623623,62.0211232401721,314339099,-0.7506468172800318,0.09433161486558372,-0.18076863920140074
AR,Argentina,2013,15.0110542553443,88159380793.3244,22.4740954383685,31.6131741589715,42582455,-1.3521019131841117,1.5813277989279895,1.4187992530690474
BR,Brasil,2013,10.4796122911618,217376521201.298,23.6555352577017,32.5715331907528,198478299,-1.838994728942056,-0.6917442111420646,-1.9038471070332075
CN,China,2013,30.1275021518721,NA,30.099901194464,94.0381521516055,1363240000,-2.8593306757640824,-0.6590539164262665,0.08159501768119082
DE,Alemania,2013,19.7600541430605,647369352151.557,27.7258458848951,83.394056461991,80645605,-1.432830176438038,-1.6726441327068797,0.023275360297603243
GB,Reino Unido,2013,9.5981044921613,262617315065.428,18.8516166810779,58.5143208890498,64138000,2.3823977360819537,-0.9763714804608137,-11.09598972453102
US,Estados Unidos,2013,11.7719128367022,NA,19.8032434024193,61.1842460654034,316726282,-0.7223189601583746,1.1452049203987569,-1.3493421773868253
AR,Argentina,2014,14.7727785491821,83703763913.6824,22.7948760583105,31.2620642375565,43024071,-1.5873349207126353,1.427334954689008,-1.1106443144538125
BR,Brasil,2014,10.3370973963623,207188011969.658,23.5736439351302,32.1790576689769,200085127,-1.3599252609726165,-0.34618249673652457,-1.204964836863509
CN,China,2014,29.8300397890826,NA,29.9004572371177,94.0039246038441,1371860000,-0.9873449225561326,-0.6626066845129119,-0.036397512050456715
DE,Alemania,2014,20.1102373285709,683371984757.371,28.0851666953054,83.6405453982071,80982500,1.7721772570819638,1.2959778103868613,0.2955713472559518
GB,Reino Unido,2014,9.44084101572958,270404508785.367,18.9586861473393,68.2496476290818,64619000,-1.6384847295646265,0.5679590672394097,16.637511282906893
US,Estados Unidos,2014,11.6174420373125,NA,19.8362096579529,61.4220021445613,319257560,-1.3121979539985507,0.16646897108567593,0.3885903552750314
AR,Argentina,2015,14.1815854549835,84344878153.7785,22.3689252873984,28.1591258919034,43477012,-4.001908593094905,-1.8686250796999038,-9.925570883849065
BR,Brasil,2015,10.5209374571105,189609619123.365,22.8198148101811,34.8651659700771,201675532,1.778449536645521,-3.1977624122239257,8.347380239446277
CN,China,2015,28.3889960582852,3202510065357,29.2998175326072,94.3003313730696,1379860000,-4.830847497980217,-2.0087977242196797,0.31531318556605736
DE,Alemania,2015,20.1379643216943,689745331150.39,27.6242257343991,84.234696360734,81686611,0.13787501693980353,-1.641225654478129,0.710362372337725
GB,Reino Unido,2015,9.38451755587091,276428461923.508,18.6426121900538,71.6481714245796,65087000,-0.5965936696193497,-1.6671722651511844,4.979547753810887
US,Estados Unidos,2015,11.6055807430427,2123243202000,19.678506704267,63.7146529670619,321815121,-0.10209901828392987,-0.7950256445422799,3.732621442564965
AR,Argentina,2016,13.4880259708051,79620603665.3784,21.5725405836968,25.6479861222021,43900313,-4.890563797538439,-3.560227831554552,-8.917676561911069
BR,Brasil,2016,10.7864511144495,180570885170.63,21.3696192250729,36.1209000742178,203218114,2.523669192231104,-6.354984022312015,3.6016868676845837
CN,China,2016,27.5237594259275,NA,29.6444492814543,93.7167028020422,1387790000,-3.047788764989401,1.176224897863487,-0.618904051056246
DE,Alemania,2016,20.4130244960425,716594754413.469,27.33707604136,84.8253434781644,82348669,1.3658787450123722,-1.039485036793364,0.7011921962666756
GB,Reino Unido,2016,9.13168940843145,273464487311.534,18.4621197618818,76.1812352703602,65606000,-2.694098507826781,-0.9681713395738312,6.326838153228143
US,Estados Unidos,2016,11.1581029329942,NA,19.6004288978866,63.2604946594473,324353340,-3.8557123504289303,-0.39676692725606477,-0.7128004100554142
AR,Argentina,2017,12.8351683415363,81670094128.5958,21.1329975687179,27.6743405207163,44288894,-4.840275594678678,-2.0375115915233333,7.900637456911652
BR,Brasil,2017,10.7214980093214,184741245436.438,20.9444754522106,34.8248260736675,204703445,-0.6021730821279103,-1.9894775306219747,-3.588155328043452
CN,China,2017,27.5998559245177,NA,29.9706060456204,93.511711476449,1396215000,0.2764756711196803,1.1002287850567116,-0.21873510213672454
DE,Alemania,2017,20.092676209306,740325302652.816,27.408028435384,86.3191108266153,82657002,-1.5693327894580555,0.25954639009913016,1.7609918064586783
GB,Reino Unido,2017,9.04234267998333,278199814486.296,18.2093398150854,74.0197611871942,65964000,-0.978424960069546,-1.369181600253233,-2.8372788594135057
US,Estados Unidos,2017,11.1814907295506,NA,19.5555626898736,61.3709365092424,326608609,0.2096036996328765,-0.22890421554927487,-2.9869481109451312
AR,Argentina,2018,14.0601434041581,77745909363.6869,20.7848673724352,19.4577177222696,44654882,9.54389556900177,-1.6473299405382003,-29.690401447130952
BR,Brasil,2018,10.5284573770078,187314313277.19,20.5300447836496,32.3576397610223,206107261,-1.80050056573966,-1.9787111379638733,-7.084561764719755
CN,China,2018,27.34341880328,NA,30.3637847933889,93.2388307531011,1402760000,-0.9291248546334008,1.3118812051048145,-0.2918144893718666
DE,Alemania,2018,19.8054472442,749614118946.17,27.3456982131664,85.2550400265207,82905782,-1.4295206975612706,-0.22741592801739374,-1.2327175174822402
GB,Reino Unido,2018,9.01545847936897,291552573722.722,18.0840736311641,68.9892207680565,66287000,-0.29731455183480415,-0.6879227099574781,-6.7962127119210685
US,Estados Unidos,2018,11.2802494089516,NA,19.7028367872634,58.9112087207058,328529577,0.8832335668802926,0.7531059050837952,-4.007968475707003
AR,Argentina,2019,13.5408390702829,72959443199.8977,20.6149198410894,16.55456541936,44973465,-3.6934497675295663,-0.8176503044286187,-14.92031256875983
BR,Brasil,2019,10.3325005328998,186516720897.706,20.402627457781,30.1943927380285,207455459,-1.8612113540577568,-0.6206383240336399,-6.685428971242901
CN,China,2019,26.2594662949297,NA,30.7587386897164,92.8740842473991,1407745000,-3.9642171893306544,1.3007400066064712,-0.39119592422588445
DE,Alemania,2019,19.3094694228334,739104871912.434,27.1495116563958,85.0743131475498,83092962,-2.5042495392869624,-0.7174311485531604,-0.21198380637048597
GB,Reino Unido,2019,8.98151366135499,295235906244.9,18.2245297278788,71.7820575556781,66628000,-0.3765179340757818,0.7766839462136188,4.048221963560339
US,Estados Unidos,2019,10.9764075104612,NA,19.7528962033625,59.1142323221412,330226227,-2.6935742949910413,0.2540721249412181,0.3446264401022914
AR,Argentina,2020,14.5905295089183,67344154176.6741,20.9264628130185,14.4214496007227,45191965,7.752033926310231,1.511249979775009,-12.885362826514868
BR,Brasil,2020,10.692931568332,177812890660.246,20.2564807940549,25.0396470697203,208660842,3.488323414884409,-0.7163129554196845,-17.071864014724913
CN,China,2020,25.5809804288007,NA,31.1322866175828,93.5416579304527,1411100000,-2.583776298073537,1.214444882264587,0.7187943638564676
DE,Alemania,2020,18.52749571104,678015663981.336,27.2304940804705,84.8929623650951,83160871,-4.049690308262521,0.29828317024487294,-0.21316749526989476
GB,Reino Unido,2020,9.08180842652208,292800633711.578,17.1878218535671,68.3049140365334,66740000,1.1166799823356222,-5.688530183172869,-4.844028769233355
US,Estados Unidos,2020,10.4725237062381,NA,19.4184044990188,60.1797719851552,331578104,-4.590607662323654,-1.6933805599948504,1.8025095161641858
AR,Argentina,2021,15.558416982668,77964250990.1488,20.4837081020577,13.5315510577839,45312281,6.633669279501397,-2.115764689507671,-6.170659452252325
BR,Brasil,2021,11.9043730112478,184529968813.893,20.7334776442454,25.1214886663242,209550294,11.32936683615917,2.3547863769628474,0.3268480437284893
CN,China,2021,26.621932558827,NA,31.5342449659426,93.4459167956813,1412360000,4.06924250977625,1.2911301803728792,-0.10235133403619923
DE,Alemania,2021,18.5726195842861,739850694233.244,27.3811673985671,84.2248636533673,83196078,0.24355084977412123,0.5533256857232827,-0.7869895137532668
GB,Reino Unido,2021,8.73281920838765,308503477541.787,16.9227327280671,62.2455188736128,66978000,-3.842728251294747,-1.5423078488853714,-8.871096975072234
US,Estados Unidos,2021,10.5250313827085,NA,19.183666430817,57.5274298542755,332100166,0.5013851287739124,-1.2088432302131746,-4.407364872592002
AR,Argentina,2022,16.4165686180445,81650069627.7585,21.1180064272847,15.7922514447346,45407904,5.515674482387745,3.0965991219298994,16.70688287910831
BR,Brasil,2022,13.0740816282273,183521282888.226,20.4917034979733,25.2910278666909,210306415,9.825873364975246,-1.1661051292049085,0.6748772042079354
CN,China,2022,25.9806695043084,NA,30.9312938882327,92.6463369453287,1412175000,-2.40877724823918,-1.9120517341103094,-0.8556605550790186
DE,Alemania,2022,18.3217735042199,754631438253.253,26.7742975854336,82.8939619404076,83177813,-1.3506230444650713,-2.216376695338629,-1.5801767497506392
GB,Reino Unido,2022,7.9613351523025,300536443964.949,16.6989250390828,55.2358295612471,67636000,-8.834306970928218,-1.3225268789662237,-11.261355739677603
US,Estados Unidos,2022,NA,NA,19.2767779678998,53.4684413105369,333996304,NA,0.4853688288346536,-7.0557446317705335
AR,Argentina,2023,16.5255500222842,79987406067.3031,21.4115045495218,18.949952599116,45538401,0.6638500820440152,1.389800326312507,19.995256315616917
BR,Brasil,2023,13.2531636224002,181185234105.342,20.171570324784,24.0930367154098,211140729,1.3697481724931126,-1.5622574922624866,-4.736822708810873
CN,China,2023,25.0144267929987,NA,31.4267217641686,91.8821582914508,1410710000,-3.7190831866340646,1.6017043377690054,-0.8248341802534975
DE,Alemania,2023,18.9402532641593,742630557182.96,26.3957028467134,84.7513724931676,83287273,3.3756544354013984,-1.414023047708901,2.240706692358696
GB,Reino Unido,2023,8.22392851588786,306046570024.372,15.9171060665142,60.4960280048913,68526000,3.2983583602734567,-4.68185209969384,9.523163651976185
US,Estados Unidos,2023,NA,NA,19.3356581942933,56.4597327749381,336755052,NA,0.30544641065819444,5.594499093452554
AR,Argentina,2024,15.1850458096465,72937193328.0646,21.1121866891603,13.3385762659227,45696159,-8.111707088902165,-1.3979300691794982,-29.611558677223627
BR,Brasil,2024,12.1108065153855,188201992441.349,20.3022250193292,23.2192423581155,211998573,-8.619505044696751,0.6477170217366268,-3.62675061519091
CN,China,2024,24.8415841892631,NA,31.6324437528704,91.1612165960274,1408975000,-0.6909716747296457,0.654608489697317,-0.7846373102562199
DE,Alemania,2024,18.0067082931968,710831623390.64,26.2904809714931,84.1312732546074,83516593,-4.928893811198643,-0.3986325949771108,-0.7316686683866869
GB,Reino Unido,2024,7.9734900624048,308035624424.918,16.1242015614121,60.8469978362938,69281000,-3.04524112775586,1.301087609974405,0.5801535125151025
US,Estados Unidos,2024,NA,NA,19.0437070998445,55.6527057342541,340003797,NA,-1.509910298967554,-1.4293851582702355
