rama,Formal,Informal,brecha_ingreso,brecha_porcentual,ingreso_informal_relativo
"Electricidad, gas, agua y saneamiento",1160010.906598975,291199.10614525137,868811.8004537236,74.89686480629607,25.103135193703935
"Agricultura, ganadería y pesca",1085798.864075649,306243.9089158866,779554.9551597624,71.7955213393417,28.204478660658296
Administración pública,981950.2074771975,297840.83845045866,684109.3690267389,69.66843774943905,30.33156225056096
Minería y petróleo,2037759.8215350034,800000,1237759.8215350034,60.741202591904276,39.258797408095724
Otros servicios,836729.0419084195,354397.18003009836,482331.8618783211,57.6449289698627,42.355071030137296
Comercio y reparación,934857.1124097344,406088.09664827737,528769.015761457,56.56147968949775,43.438520310502255
Construcción,852543.2288059613,387273.81441270333,465269.414393258,54.57429003862902,45.42570996137098
Industria manufacturera,1006839.0788719824,480229.42533537996,526609.6535366024,52.30325923846662,47.69674076153337
Finanzas y seguros,1396628.6761375335,678103.5376349199,718525.1385026136,51.447113379466124,48.552886620533876
Alojamiento y comidas,663419.1990938934,360652.8269898093,302766.3721040841,45.637264118615555,54.36273588138444
Enseñanza,698916.1821733135,397582.4104694543,301333.77170385915,43.114436235665245,56.885563764334755
Servicios profesionales y empresariales,908087.0664230074,574295.7994407727,333791.26698223467,36.75762813108354,63.24237186891646
Transporte y almacenamiento,1098012.03546996,701353.4333594064,396658.60211055353,36.12515977029157,63.87484022970843
Salud y servicios sociales,867876.4607992193,577773.0166576047,290103.4441416146,33.42681329027648,66.57318670972352
Servicio doméstico y actividades de hogares,289278.531153905,197225.4334478812,92053.09770602378,31.821614047483095,68.1783859525169
Información y comunicaciones,1239564.5364194035,1261940.9193239075,-22376.38290450396,-1.8051809524286817,101.80518095242867
Organismos extraterritoriales,376415.09433962265,NA,NA,NA,NA
