rama,tasa_informalidad
Servicio doméstico y actividades de hogares,76.77365996010367
Construcción,73.23951026513309
Alojamiento y comidas,59.71265665057265
Otros servicios,54.053609603683604
Comercio y reparación,45.22545930714697
Transporte y almacenamiento,41.36435290064621
"Agricultura, ganadería y pesca",36.09887768148885
Salud y servicios sociales,26.467589559500226
Servicios profesionales y empresariales,25.87914560295223
Industria manufacturera,25.03688472397802
Información y comunicaciones,24.835953943295777
Finanzas y seguros,12.546327685600565
"Electricidad, gas, agua y saneamiento",12.425569101860024
Enseñanza,9.366823275791136
Administración pública,9.247491409069589
Minería y petróleo,0.6407532119389323
