rama,educacion,tasa_informalidad
Administración pública,Alto,4.010322658385779
Administración pública,Bajo,26.48096992019644
Administración pública,Medio,9.808032991606888
"Agricultura, ganadería y pesca",Alto,13.35221722992772
"Agricultura, ganadería y pesca",Bajo,46.30269050630748
"Agricultura, ganadería y pesca",Medio,32.199964334541995
Alojamiento y comidas,Alto,30.020263424518745
Alojamiento y comidas,Bajo,71.22195055691388
Alojamiento y comidas,Medio,57.616612577562485
Comercio y reparación,Alto,23.722335926460456
Comercio y reparación,Bajo,60.5090099146095
Comercio y reparación,Medio,43.302698487295096
Construcción,Alto,15.688996876084694
Construcción,Bajo,81.23051216249277
Construcción,Medio,71.96831138910503
"Electricidad, gas, agua y saneamiento",Bajo,29.90118482275627
"Electricidad, gas, agua y saneamiento",Medio,4.607585769892278
Enseñanza,Alto,4.433933846174597
Enseñanza,Bajo,18.043119186299226
Enseñanza,Medio,20.534214682023343
Finanzas y seguros,Alto,9.61752072271055
Finanzas y seguros,Medio,16.88504165275527
Industria manufacturera,Alto,10.904912630620474
Industria manufacturera,Bajo,39.6919331681254
Industria manufacturera,Medio,20.94031001788944
Información y comunicaciones,Alto,22.331216642642875
Información y comunicaciones,Bajo,54.69312223707207
Información y comunicaciones,Medio,25.029077542185764
Minería y petróleo,Alto,1.6632722335369994
Otros servicios,Alto,45.59930888648203
Otros servicios,Bajo,61.251747442278756
Otros servicios,Medio,53.40596335138482
Salud y servicios sociales,Alto,21.41263740090174
Salud y servicios sociales,Bajo,47.082396748632014
Salud y servicios sociales,Medio,28.27223390374243
Servicio doméstico y actividades de hogares,Alto,77.05573444557301
Servicio doméstico y actividades de hogares,Bajo,74.57537154989384
Servicio doméstico y actividades de hogares,Medio,79.3996874287582
Servicios profesionales y empresariales,Alto,23.856689522788386
Servicios profesionales y empresariales,Bajo,31.855310531053107
Servicios profesionales y empresariales,Medio,24.34107724944378
Transporte y almacenamiento,Alto,13.795856620582425
Transporte y almacenamiento,Bajo,51.52137505057593
Transporte y almacenamiento,Medio,41.315581060202796
